No.,Time,Source,Destination,Protocol,Length,Source Port,Destination Port,TCP Flags,Sequence Number,Acknowledgment Number,Window Size,Payload Length,TSval,TSecr,NodeWeight,EdgeWeight,Classification
1,0.0,172.28.94.58,75.65.54.216,TCP,66,49382.0,80.0,ACK,1.0,1.0,69.0,0.0,6561413.0,25591731.0,22,22,Internal
3,0.000373,75.65.54.216,172.28.94.58,TCP,1514,80.0,49382.0,ACK,1449.0,1.0,46.0,1448.0,25591731.0,6561413.0,21,21,External
23,0.001538,172.28.94.58,75.65.54.216,HTTP,115,,,,,,,,,,22,22,Internal
24,0.001665,172.28.161.112,78.183.19.228,TCP,74,36307.0,80.0,SYN,0.0,,5840.0,0.0,6561413.0,0.0,25,25,Internal
26,0.001866,78.183.19.228,172.28.161.112,TCP,74,,,,0.0,1.0,5792.0,0.0,25591731.0,6561413.0,25,25,External
28,0.001934,172.28.161.112,78.183.19.228,HTTP,95,,,,,,,,,,25,25,Internal
45,0.002574,75.65.54.216,172.28.94.58,HTTP,293,,,,,,,,,,21,21,External
77,0.003817,151.140.190.196,172.28.58.87,TCP,1514,80.0,48524.0,ACK,1.0,1.0,46.0,1448.0,25591731.0,6561411.0,76,76,External
82,0.003925,172.28.58.87,151.140.190.196,TCP,66,48524.0,80.0,ACK,1.0,1449.0,69.0,0.0,6561413.0,25591731.0,46,46,Internal
90,0.00397,78.183.19.228,172.28.161.112,HTTP,561,,,,,,,,,,25,25,External
122,0.005253,172.28.181.73,131.60.191.153,TCP,74,36070.0,80.0,SYN,0.0,,5840.0,0.0,6561413.0,0.0,35,35,Internal
146,0.005497,131.60.191.153,172.28.181.73,TCP,74,,,,0.0,1.0,5792.0,0.0,25591732.0,6561413.0,44,44,External
147,0.005516,172.28.10.6,192.168.121.50,DNS,91,,,,,,,,,,586,586,Internal
152,0.005592,172.28.181.73,131.60.191.153,HTTP,94,,,,,,,,,,35,35,Internal
192,0.006127,192.168.121.50,172.28.10.6,DNS,175,,,,,,,,,,586,586,External
215,0.006473,151.140.190.196,172.28.58.87,HTTP,679,,,,,,,,,,76,76,External
223,0.012427,44.144.78.237,172.28.172.226,TCP,1514,80.0,59419.0,ACK,1.0,1.0,46.0,1448.0,25591732.0,6561412.0,153,153,External
225,0.01253,172.28.172.226,44.144.78.237,TCP,66,59419.0,80.0,ACK,1.0,1449.0,69.0,0.0,6561414.0,25591732.0,111,111,Internal
251,0.01384,172.28.65.22,16.201.194.55,TCP,74,45733.0,80.0,SYN,0.0,,5840.0,0.0,6561414.0,0.0,10,10,Internal
275,0.014114,16.201.194.55,172.28.65.22,TCP,74,,,,0.0,1.0,5792.0,0.0,25591732.0,6561414.0,10,10,External
277,0.014151,172.28.10.6,199.7.83.42,DNS,90,,,,,,,,,,193,193,Internal
281,0.014206,172.28.65.22,16.201.194.55,HTTP,94,,,,,,,,,,10,10,Internal
321,0.014744,199.7.83.42,172.28.10.6,DNS,174,,,,,,,,,,193,193,External
322,0.014749,16.201.194.55,172.28.65.22,HTTP,596,,,,,,,,,,10,10,External
497,0.021078,44.144.78.237,172.28.172.226,HTTP,528,,,,,,,,,,153,153,External
513,0.024609,172.28.1.5,64.180.1.1,TCP,74,36458.0,25.0,SYN,0.0,,5840.0,0.0,6376540.0,0.0,851,851,Internal
518,0.024874,64.180.1.1,172.28.1.5,TCP,74,,,,0.0,1.0,5792.0,0.0,24975403.0,6376540.0,1028,1028,External
542,0.025797,172.28.187.89,111.123.94.96,TCP,74,55800.0,80.0,SYN,0.0,,5840.0,0.0,6561415.0,0.0,15,15,Internal
564,0.02601,111.123.94.96,172.28.187.89,TCP,74,,,,0.0,1.0,5792.0,0.0,25591734.0,6561415.0,15,15,External
569,0.026091,172.28.187.89,111.123.94.96,HTTP,94,,,,,,,,,,15,15,Internal
570,0.026113,172.28.10.6,192.5.5.241,DNS,89,,,,,,,,,,200,200,Internal
583,0.026417,131.60.191.153,172.28.181.73,HTTP,212,,,,,,,,,,44,44,External
586,0.026438,192.5.5.241,172.28.10.6,DNS,173,,,,,,,,,,200,200,External
611,0.027585,111.123.94.96,172.28.187.89,HTTP,693,,,,,,,,,,15,15,External
620,0.031379,172.28.89.26,65.95.92.37,TCP,74,55462.0,80.0,SYN,0.0,,5840.0,0.0,6561416.0,0.0,20,20,Internal
621,0.031577,65.95.92.37,172.28.89.26,TCP,74,,,,0.0,1.0,5792.0,0.0,25591734.0,6561416.0,20,20,External
623,0.031646,172.28.89.26,65.95.92.37,HTTP,95,,,,,,,,,,20,20,Internal
631,0.035421,65.95.92.37,172.28.89.26,HTTP,801,,,,,,,,,,20,20,External
647,0.041148,172.28.158.111,74.36.86.139,TCP,74,54633.0,80.0,SYN,0.0,,5840.0,0.0,6561417.0,0.0,100,100,Internal
654,0.041353,74.36.86.139,172.28.158.111,TCP,74,,,,0.0,1.0,5792.0,0.0,25591735.0,6561417.0,168,168,External
662,0.041454,172.28.158.111,74.36.86.139,HTTP,95,,,,,,,,,,100,100,Internal
722,0.043866,172.28.144.125,53.223.185.188,TCP,74,53541.0,80.0,SYN,0.0,,5840.0,0.0,6561417.0,0.0,646,646,Internal
747,0.044164,172.28.10.6,192.36.148.17,DNS,89,,,,,,,,,,191,191,Internal
760,0.044262,53.223.185.188,172.28.144.125,TCP,74,,,,0.0,1.0,5792.0,0.0,25591735.0,6561417.0,1075,1075,External
764,0.044362,172.28.144.125,53.223.185.188,HTTP,93,,,,,,,,,,646,646,Internal
804,0.04484,192.36.148.17,172.28.10.6,DNS,173,,,,,,,,,,191,191,External
903,0.045581,74.36.86.139,172.28.158.111,HTTP,486,,,,,,,,,,168,168,External
1865,0.053159,172.28.37.74,58.251.29.233,TCP,74,48180.0,80.0,SYN,0.0,,5840.0,0.0,6561418.0,0.0,36,36,Internal
2248,0.056296,172.28.93.172,111.250.225.110,TCP,74,43445.0,80.0,SYN,0.0,,5840.0,0.0,6561418.0,0.0,21,21,Internal
2355,0.057167,58.251.29.233,172.28.37.74,TCP,74,,,,0.0,1.0,5792.0,0.0,25591736.0,6561418.0,47,47,External
2367,0.057257,172.28.37.74,58.251.29.233,HTTP,94,,,,,,,,,,36,36,Internal
2648,0.059543,53.223.185.188,172.28.144.125,HTTP,136,,,,,,,,,,1075,1075,External
2649,0.059544,111.250.225.110,172.28.93.172,TCP,74,,,,0.0,1.0,5792.0,0.0,25591737.0,6561418.0,21,21,External
2657,0.059634,172.28.93.172,111.250.225.110,HTTP,95,,,,,,,,,,21,21,Internal
2690,0.06069,111.250.225.110,172.28.93.172,HTTP,1498,,,,,,,,,,21,21,External
2746,0.061673,58.251.29.233,172.28.37.74,HTTP,1113,,,,,,,,,,47,47,External
2776,0.063628,172.28.81.112,84.89.48.89,TCP,74,60679.0,80.0,SYN,0.0,,5840.0,0.0,6561419.0,0.0,5,5,Internal
2777,0.063827,84.89.48.89,172.28.81.112,TCP,74,,,,0.0,1.0,5792.0,0.0,25591737.0,6561419.0,5,5,External
2779,0.063898,172.28.81.112,84.89.48.89,HTTP,94,,,,,,,,,,5,5,Internal
2780,0.063922,172.28.10.6,128.63.2.53,DNS,86,,,,,,,,,,186,186,Internal
2782,0.064234,128.63.2.53,172.28.10.6,DNS,170,,,,,,,,,,186,186,External
2783,0.064286,84.89.48.89,172.28.81.112,HTTP,592,,,,,,,,,,5,5,External
2788,0.070555,172.28.73.153,99.77.103.172,TCP,74,34045.0,80.0,SYN,0.0,,5840.0,0.0,6561420.0,0.0,92,92,Internal
2789,0.070755,99.77.103.172,172.28.73.153,TCP,74,,,,0.0,1.0,5792.0,0.0,25591738.0,6561420.0,175,175,External
2791,0.070822,172.28.73.153,99.77.103.172,HTTP,94,,,,,,,,,,92,92,Internal
2797,0.071723,172.28.128.5,70.98.1.1,SMTP,122,,,,,,,,,,260,260,Internal
2844,0.072996,70.98.1.1,172.28.192.5,TCP,74,52006.0,25.0,SYN,0.0,,5840.0,0.0,24975407.0,0.0,658,658,External
2851,0.073156,172.28.192.5,70.98.1.1,TCP,74,,,,0.0,1.0,5792.0,0.0,6376545.0,24975407.0,452,452,Internal
3051,0.075158,99.77.103.172,172.28.73.153,HTTP,1173,,,,,,,,,,175,175,External
3059,0.075412,64.180.112.113,172.28.3.106,TCP,66,,,,1.0,1.0,408.0,0.0,24975407.0,6374276.0,2,2,External
3062,0.075547,172.28.3.106,64.180.112.113,TCP,66,80.0,40885.0,ACK,1.0,2.0,46.0,0.0,6376545.0,24975407.0,2,2,Internal
3063,0.075628,66.200.65.121,172.28.13.27,TCP,74,40964.0,80.0,SYN,0.0,,5840.0,0.0,24975407.0,0.0,18,18,External
3064,0.075808,172.28.13.27,66.200.65.121,TCP,74,,,,0.0,1.0,5792.0,0.0,6376545.0,24975407.0,16,16,Internal
3066,0.076269,66.200.65.121,172.28.13.27,HTTP,145,,,,,,,,,,18,18,External
3068,0.078907,172.28.164.232,199.123.180.41,TCP,74,59367.0,80.0,SYN,0.0,,5840.0,0.0,6561420.0,0.0,28,28,Internal
3069,0.079102,199.123.180.41,172.28.164.232,TCP,74,,,,0.0,1.0,5792.0,0.0,25591739.0,6561420.0,28,28,External
3071,0.079173,172.28.164.232,199.123.180.41,HTTP,94,,,,,,,,,,28,28,Internal
3081,0.080158,199.123.180.41,172.28.164.232,HTTP,228,,,,,,,,,,28,28,External
3129,0.083094,172.28.13.27,66.200.65.121,HTTP,585,,,,,,,,,,16,16,Internal
3139,0.087386,172.28.229.147,54.199.172.152,TCP,74,35761.0,80.0,SYN,0.0,,5840.0,0.0,6561421.0,0.0,5,5,Internal
3140,0.087586,54.199.172.152,172.28.229.147,TCP,74,,,,0.0,1.0,5792.0,0.0,25591740.0,6561421.0,5,5,External
3142,0.087651,172.28.229.147,54.199.172.152,HTTP,94,,,,,,,,,,5,5,Internal
3144,0.088036,54.199.172.152,172.28.229.147,HTTP,594,,,,,,,,,,5,5,External
3149,0.0989,172.28.206.63,83.218.149.167,TCP,74,47430.0,80.0,SYN,0.0,,5840.0,0.0,6561422.0,0.0,157,157,Internal
3150,0.099104,83.218.149.167,172.28.206.63,TCP,74,,,,0.0,1.0,5792.0,0.0,25591741.0,6561422.0,306,306,External
3152,0.099172,172.28.206.63,83.218.149.167,HTTP,93,,,,,,,,,,157,157,Internal
3606,0.104925,83.218.149.167,172.28.206.63,HTTP,712,,,,,,,,,,306,306,External
3620,0.109152,70.98.1.1,172.28.128.5,TCP,66,43736.0,25.0,ACK,1.0,57.0,71.0,0.0,24975411.0,6376544.0,284,284,External
3621,0.109191,172.28.149.109,91.166.206.238,TCP,74,41298.0,80.0,SYN,0.0,,5840.0,0.0,6561423.0,0.0,25,25,Internal
3622,0.109393,91.166.206.238,172.28.149.109,TCP,74,,,,0.0,1.0,5792.0,0.0,25591742.0,6561423.0,25,25,External
3624,0.109461,172.28.149.109,91.166.206.238,HTTP,94,,,,,,,,,,25,25,Internal
3639,0.110889,91.166.206.238,172.28.149.109,HTTP,1492,,,,,,,,,,25,25,External
3671,0.117448,172.28.225.64,147.220.12.52,TCP,74,59382.0,80.0,SYN,0.0,,5840.0,0.0,6561424.0,0.0,30,30,Internal
3672,0.117648,147.220.12.52,172.28.225.64,TCP,74,,,,0.0,1.0,5792.0,0.0,25591743.0,6561424.0,32,32,External
3674,0.117718,172.28.225.64,147.220.12.52,HTTP,94,,,,,,,,,,30,30,Internal
3724,0.124798,147.220.12.52,172.28.225.64,HTTP,329,,,,,,,,,,32,32,External
3732,0.12507,172.28.145.21,189.15.86.68,TCP,74,48055.0,80.0,SYN,0.0,,5840.0,0.0,6561425.0,0.0,10,10,Internal
3734,0.125271,189.15.86.68,172.28.145.21,TCP,74,,,,0.0,1.0,5792.0,0.0,25591743.0,6561425.0,10,10,External
3736,0.125343,172.28.145.21,189.15.86.68,HTTP,94,,,,,,,,,,10,10,Internal
3737,0.12539,172.28.10.6,192.33.4.12,DNS,87,,,,,,,,,,170,170,Internal
3741,0.125837,192.33.4.12,172.28.10.6,DNS,171,,,,,,,,,,170,170,External
3748,0.126366,189.15.86.68,172.28.145.21,HTTP,1473,,,,,,,,,,10,10,External
3755,0.136831,172.28.1.5,64.180.1.1,SMTP,170,,,,,,,,,,851,851,Internal
3756,0.137278,172.28.229.40,202.15.13.87,TCP,74,49623.0,80.0,SYN,0.0,,5840.0,0.0,6561426.0,0.0,10,10,Internal
3757,0.137495,64.180.1.1,172.28.1.5,SMTP,1090,,,,,,,,,,1028,1028,External
3758,0.137496,202.15.13.87,172.28.229.40,TCP,74,,,,0.0,1.0,5792.0,0.0,25591745.0,6561426.0,10,10,External
3760,0.137593,172.28.229.40,202.15.13.87,HTTP,94,,,,,,,,,,10,10,Internal
3767,0.137972,202.15.13.87,172.28.229.40,HTTP,592,,,,,,,,,,10,10,External
3829,0.149756,172.28.178.186,42.156.48.26,TCP,74,44085.0,80.0,SYN,0.0,,5840.0,0.0,6561427.0,0.0,10,10,Internal
3830,0.149955,42.156.48.26,172.28.178.186,TCP,74,,,,0.0,1.0,5792.0,0.0,25591746.0,6561427.0,10,10,External
3832,0.150026,172.28.178.186,42.156.48.26,HTTP,95,,,,,,,,,,10,10,Internal
3833,0.150066,172.28.10.6,192.58.128.30,DNS,88,,,,,,,,,,194,194,Internal
3837,0.150515,192.58.128.30,172.28.10.6,DNS,172,,,,,,,,,,194,194,External
3844,0.151042,42.156.48.26,172.28.178.186,HTTP,1432,,,,,,,,,,10,10,External
3851,0.15575,172.28.182.137,173.31.60.76,TCP,74,58748.0,80.0,SYN,0.0,,5840.0,0.0,6561428.0,0.0,34,34,Internal
3852,0.155949,173.31.60.76,172.28.182.137,TCP,74,,,,0.0,1.0,5792.0,0.0,25591747.0,6561428.0,41,41,External
3854,0.156017,172.28.182.137,173.31.60.76,HTTP,94,,,,,,,,,,34,34,Internal
3919,0.158535,173.31.60.76,172.28.182.137,HTTP,362,,,,,,,,,,41,41,External
3926,0.159961,172.28.157.15,156.5.209.80,TCP,74,34842.0,80.0,SYN,0.0,,5840.0,0.0,6561429.0,0.0,64,64,Internal
3927,0.160163,156.5.209.80,172.28.157.15,TCP,74,,,,0.0,1.0,5792.0,0.0,25591747.0,6561429.0,103,103,External
3929,0.16023,172.28.157.15,156.5.209.80,HTTP,95,,,,,,,,,,64,64,Internal
4069,0.163563,156.5.209.80,172.28.157.15,HTTP,877,,,,,,,,,,103,103,External
4080,0.164442,172.28.160.160,90.28.148.188,TCP,74,35513.0,80.0,SYN,0.0,,5840.0,0.0,6561429.0,0.0,66,66,Internal
4084,0.164694,90.28.148.188,172.28.160.160,TCP,74,,,,0.0,1.0,5792.0,0.0,25591747.0,6561429.0,118,118,External
4087,0.164799,172.28.160.160,90.28.148.188,HTTP,93,,,,,,,,,,66,66,Internal
4100,0.170492,172.28.153.211,111.28.252.238,TCP,74,44139.0,80.0,SYN,0.0,,5840.0,0.0,6561430.0,0.0,8,8,Internal
4101,0.170696,111.28.252.238,172.28.153.211,TCP,74,,,,0.0,1.0,5792.0,0.0,25591748.0,6561430.0,8,8,External
4103,0.170767,172.28.153.211,111.28.252.238,HTTP,94,,,,,,,,,,8,8,Internal
4278,0.175085,90.28.148.188,172.28.160.160,HTTP,1252,,,,,,,,,,118,118,External
4294,0.177746,111.28.252.238,172.28.153.211,HTTP,775,,,,,,,,,,8,8,External
4298,0.177973,172.28.158.253,94.86.209.196,TCP,74,56469.0,80.0,SYN,0.0,,5840.0,0.0,6561430.0,0.0,9,9,Internal
4300,0.178172,94.86.209.196,172.28.158.253,TCP,74,,,,0.0,1.0,5792.0,0.0,25591749.0,6561430.0,9,9,External
4302,0.17824,172.28.158.253,94.86.209.196,HTTP,94,,,,,,,,,,9,9,Internal
4311,0.179205,94.86.209.196,172.28.158.253,HTTP,1029,,,,,,,,,,9,9,External
4317,0.180157,172.28.149.185,68.182.95.63,TCP,74,38883.0,80.0,SYN,0.0,,5840.0,0.0,6561431.0,0.0,18,18,Internal
4318,0.180354,68.182.95.63,172.28.149.185,TCP,74,,,,0.0,1.0,5792.0,0.0,25591749.0,6561431.0,18,18,External
4320,0.18042,172.28.149.185,68.182.95.63,HTTP,94,,,,,,,,,,18,18,Internal
4322,0.181191,172.28.138.160,132.30.95.185,TCP,74,60962.0,80.0,SYN,0.0,,5840.0,0.0,6561431.0,0.0,5,5,Internal
4323,0.18139,132.30.95.185,172.28.138.160,TCP,74,,,,0.0,1.0,5792.0,0.0,25591749.0,6561431.0,5,5,External
4325,0.181455,172.28.138.160,132.30.95.185,HTTP,94,,,,,,,,,,5,5,Internal
4327,0.181842,132.30.95.185,172.28.138.160,HTTP,601,,,,,,,,,,5,5,External
4332,0.184961,172.28.182.6,18.63.206.49,TCP,74,42756.0,80.0,SYN,0.0,,5840.0,0.0,6561431.0,0.0,70,70,Internal
4333,0.18516,18.63.206.49,172.28.182.6,TCP,74,,,,0.0,1.0,5792.0,0.0,25591749.0,6561431.0,96,96,External
4335,0.185231,172.28.182.6,18.63.206.49,HTTP,93,,,,,,,,,,70,70,Internal
4357,0.188694,68.182.95.63,172.28.149.185,HTTP,470,,,,,,,,,,18,18,External
4367,0.188852,172.28.37.186,54.37.89.225,TCP,74,44419.0,80.0,SYN,0.0,,5840.0,0.0,6561431.0,0.0,5,5,Internal
4369,0.18905,54.37.89.225,172.28.37.186,TCP,74,,,,0.0,1.0,5792.0,0.0,25591750.0,6561431.0,5,5,External
4371,0.189119,172.28.37.186,54.37.89.225,HTTP,94,,,,,,,,,,5,5,Internal
4373,0.189493,54.37.89.225,172.28.37.186,HTTP,594,,,,,,,,,,5,5,External
4378,0.190211,172.28.164.35,60.208.74.22,TCP,74,39750.0,80.0,SYN,0.0,,5840.0,0.0,6561432.0,0.0,83,83,Internal
4379,0.190408,60.208.74.22,172.28.164.35,TCP,74,,,,0.0,1.0,5792.0,0.0,25591750.0,6561432.0,155,155,External
4381,0.190476,172.28.164.35,60.208.74.22,HTTP,94,,,,,,,,,,83,83,Internal
4387,0.191316,172.28.142.27,12.202.240.57,TCP,74,51877.0,80.0,SYN,0.0,,5840.0,0.0,6561432.0,0.0,52,52,Internal
4392,0.191519,12.202.240.57,172.28.142.27,TCP,74,,,,0.0,1.0,5792.0,0.0,25591750.0,6561432.0,83,83,External
4398,0.191584,172.28.142.27,12.202.240.57,HTTP,95,,,,,,,,,,52,52,Internal
4399,0.191657,172.28.10.6,192.112.36.4,DNS,96,,,,,,,,,,177,177,Internal
4415,0.192077,192.112.36.4,172.28.10.6,DNS,180,,,,,,,,,,177,177,External
4706,0.195109,60.208.74.22,172.28.164.35,HTTP,1092,,,,,,,,,,155,155,External
4745,0.19553,12.202.240.57,172.28.142.27,HTTP,1315,,,,,,,,,,83,83,External
4801,0.197494,172.28.168.183,2.249.211.218,TCP,74,44501.0,80.0,SYN,0.0,,5840.0,0.0,6561432.0,0.0,178,178,Internal
4812,0.197828,172.28.10.6,192.203.230.10,DNS,97,,,,,,,,,,188,188,Internal
4827,0.197971,2.249.211.218,172.28.168.183,TCP,74,,,,0.0,1.0,5792.0,0.0,25591751.0,6561432.0,256,256,External
4843,0.198102,172.28.168.183,2.249.211.218,HTTP,95,,,,,,,,,,178,178,Internal
4860,0.198392,192.203.230.10,172.28.10.6,DNS,181,,,,,,,,,,188,188,External
4870,0.198488,18.63.206.49,172.28.182.6,HTTP,1193,,,,,,,,,,96,96,External
4884,0.202747,172.28.166.210,169.252.197.101,TCP,74,45992.0,80.0,SYN,0.0,,5840.0,0.0,6561433.0,0.0,59,59,Internal
4885,0.202949,169.252.197.101,172.28.166.210,TCP,74,,,,0.0,1.0,5792.0,0.0,25591751.0,6561433.0,101,101,External
4887,0.203018,172.28.166.210,169.252.197.101,HTTP,94,,,,,,,,,,59,59,Internal
4965,0.205663,172.28.228.157,125.148.250.183,TCP,74,36869.0,80.0,SYN,0.0,,5840.0,0.0,6561433.0,0.0,39,39,Internal
5001,0.206123,125.148.250.183,172.28.228.157,TCP,74,,,,0.0,1.0,5792.0,0.0,25591752.0,6561433.0,55,55,External
5015,0.206241,172.28.228.157,125.148.250.183,HTTP,94,,,,,,,,,,39,39,Internal
5040,0.206435,169.252.197.101,172.28.166.210,HTTP,334,,,,,,,,,,101,101,External
5049,0.209316,172.28.77.180,15.138.33.134,TCP,74,37607.0,80.0,SYN,0.0,,5840.0,0.0,6561433.0,0.0,127,127,Internal
5052,0.209518,15.138.33.134,172.28.77.180,TCP,74,,,,0.0,1.0,5792.0,0.0,25591752.0,6561433.0,225,225,External
5054,0.209603,172.28.77.180,15.138.33.134,HTTP,93,,,,,,,,,,127,127,Internal
5057,0.209647,172.28.10.6,193.0.14.129,DNS,87,,,,,,,,,,185,185,Internal
5063,0.21003,193.0.14.129,172.28.10.6,DNS,171,,,,,,,,,,185,185,External
5326,0.220021,172.28.206.52,191.235.18.19,TCP,74,60640.0,80.0,SYN,0.0,,5840.0,0.0,6561435.0,0.0,29,29,Internal
5327,0.220221,191.235.18.19,172.28.206.52,TCP,74,,,,0.0,1.0,5792.0,0.0,25591753.0,6561435.0,29,29,External
5329,0.220286,172.28.206.52,191.235.18.19,HTTP,94,,,,,,,,,,29,29,Internal
5335,0.220801,64.180.87.71,172.28.13.47,TCP,66,,,,1.0,1.0,501.0,0.0,24975422.0,6374279.0,2,2,External
5338,0.220979,172.28.13.47,64.180.87.71,TCP,66,80.0,53747.0,ACK,1.0,2.0,46.0,0.0,6376559.0,24975422.0,2,2,Internal
5339,0.221063,70.98.25.66,172.28.13.29,TCP,74,56889.0,80.0,SYN,0.0,,5840.0,0.0,24975422.0,0.0,59,59,External
5340,0.221215,172.28.13.29,70.98.25.66,TCP,74,,,,0.0,1.0,5792.0,0.0,6376559.0,24975422.0,71,71,Internal
5345,0.221291,191.235.18.19,172.28.206.52,HTTP,1434,,,,,,,,,,29,29,External
5353,0.221617,70.98.25.66,172.28.13.29,HTTP,145,,,,,,,,,,59,59,External
5474,0.224962,125.148.250.183,172.28.228.157,HTTP,878,,,,,,,,,,55,55,External
5484,0.226093,172.28.13.29,70.98.25.66,HTTP,459,,,,,,,,,,71,71,Internal
5636,0.227037,172.28.142.167,204.61.249.212,TCP,74,46057.0,80.0,SYN,0.0,,5840.0,0.0,6561435.0,0.0,18,18,Internal
5673,0.227253,2.249.211.218,172.28.168.183,HTTP,921,,,,,,,,,,256,256,External
5678,0.227264,204.61.249.212,172.28.142.167,TCP,74,,,,0.0,1.0,5792.0,0.0,25591754.0,6561435.0,18,18,External
5687,0.227355,172.28.142.167,204.61.249.212,HTTP,94,,,,,,,,,,18,18,Internal
5716,0.22894,204.61.249.212,172.28.142.167,HTTP,633,,,,,,,,,,18,18,External
5740,0.236551,172.28.158.247,186.117.162.131,TCP,74,48931.0,80.0,SYN,0.0,,5840.0,0.0,6561436.0,0.0,37,37,Internal
5749,0.23678,186.117.162.131,172.28.158.247,TCP,74,,,,0.0,1.0,5792.0,0.0,25591755.0,6561436.0,48,48,External
5757,0.236894,172.28.158.247,186.117.162.131,HTTP,95,,,,,,,,,,37,37,Internal
6070,0.240058,15.138.33.134,172.28.77.180,HTTP,794,,,,,,,,,,225,225,External
6082,0.242972,172.28.145.171,71.30.238.122,TCP,74,54155.0,80.0,SYN,0.0,,5840.0,0.0,6561437.0,0.0,29,29,Internal
6083,0.243173,71.30.238.122,172.28.145.171,TCP,74,,,,0.0,1.0,5792.0,0.0,25591755.0,6561437.0,32,32,External
6085,0.243244,172.28.145.171,71.30.238.122,HTTP,95,,,,,,,,,,29,29,Internal
6086,0.24329,172.28.10.6,192.228.79.201,DNS,83,,,,,,,,,,196,196,Internal
6090,0.243728,192.228.79.201,172.28.10.6,DNS,167,,,,,,,,,,196,196,External
6160,0.245461,71.30.238.122,172.28.145.171,HTTP,949,,,,,,,,,,32,32,External
6217,0.246434,186.117.162.131,172.28.158.247,HTTP,192,,,,,,,,,,48,48,External
6225,0.250961,172.28.124.5,145.55.160.83,TCP,74,33620.0,80.0,SYN,0.0,,5840.0,0.0,6561438.0,0.0,47,47,Internal
6226,0.251162,145.55.160.83,172.28.124.5,TCP,74,,,,0.0,1.0,5792.0,0.0,25591756.0,6561438.0,61,61,External
6228,0.251228,172.28.124.5,145.55.160.83,HTTP,94,,,,,,,,,,47,47,Internal
6308,0.253888,145.55.160.83,172.28.124.5,HTTP,668,,,,,,,,,,61,61,External
6333,0.258108,172.28.149.96,91.166.206.238,TCP,74,40899.0,80.0,SYN,0.0,,5840.0,0.0,6561438.0,0.0,15,15,Internal
6334,0.258309,91.166.206.238,172.28.149.96,TCP,74,,,,0.0,1.0,5792.0,0.0,25591757.0,6561438.0,15,15,External
6336,0.25838,172.28.149.96,91.166.206.238,HTTP,95,,,,,,,,,,15,15,Internal
6354,0.259865,91.166.206.238,172.28.149.96,HTTP,760,,,,,,,,,,15,15,External
6392,0.263981,172.28.37.252,147.243.187.186,TCP,74,47701.0,80.0,SYN,0.0,,5840.0,0.0,6561439.0,0.0,18,18,Internal
6400,0.264181,147.243.187.186,172.28.37.252,TCP,74,,,,0.0,1.0,5792.0,0.0,25591757.0,6561439.0,18,18,External
6406,0.26427,172.28.37.252,147.243.187.186,HTTP,95,,,,,,,,,,18,18,Internal
6485,0.270095,147.243.187.186,172.28.37.252,HTTP,235,,,,,,,,,,18,18,External
6496,0.2706,172.28.81.142,89.54.246.30,TCP,74,44753.0,80.0,SYN,0.0,,5840.0,0.0,6561440.0,0.0,18,18,Internal
6497,0.2708,89.54.246.30,172.28.81.142,TCP,74,,,,0.0,1.0,5792.0,0.0,25591758.0,6561440.0,18,18,External
6499,0.270871,172.28.81.142,89.54.246.30,HTTP,95,,,,,,,,,,18,18,Internal
6521,0.272442,89.54.246.30,172.28.81.142,HTTP,538,,,,,,,,,,18,18,External
6532,0.274589,172.28.1.5,66.200.1.1,SMTP,122,,,,,,,,,,511,511,Internal
6534,0.277739,172.28.83.245,84.178.134.206,TCP,74,58457.0,80.0,SYN,0.0,,5840.0,0.0,6561440.0,0.0,15,15,Internal
6535,0.277937,84.178.134.206,172.28.83.245,TCP,74,,,,0.0,1.0,5792.0,0.0,25591759.0,6561440.0,15,15,External
6537,0.278008,172.28.83.245,84.178.134.206,HTTP,94,,,,,,,,,,15,15,Internal
6539,0.278394,84.178.134.206,172.28.83.245,HTTP,590,,,,,,,,,,15,15,External
6564,0.282454,172.28.203.222,46.164.31.97,TCP,74,60673.0,80.0,SYN,0.0,,5840.0,0.0,6561441.0,0.0,752,752,Internal
6565,0.282652,46.164.31.97,172.28.203.222,TCP,74,,,,0.0,1.0,5792.0,0.0,25591759.0,6561441.0,1140,1140,External
6567,0.28272,172.28.203.222,46.164.31.97,HTTP,94,,,,,,,,,,752,752,Internal
6734,0.286342,172.28.75.68,217.182.183.109,TCP,74,53101.0,80.0,SYN,0.0,,5840.0,0.0,6561441.0,0.0,25,25,Internal
6792,0.286769,217.182.183.109,172.28.75.68,TCP,74,,,,0.0,1.0,5792.0,0.0,25591760.0,6561441.0,25,25,External
6805,0.28686,172.28.75.68,217.182.183.109,HTTP,94,,,,,,,,,,25,25,Internal
7620,0.29212,66.200.1.1,172.28.1.5,SMTP,72,,,,,,,,,,476,476,External
7649,0.292296,172.28.1.5,66.200.1.1,TCP,66,25.0,35115.0,ACK,57.0,7.0,84.0,0.0,6376566.0,24975429.0,511,511,Internal
7987,0.294394,172.28.37.124,201.221.0.68,TCP,74,54444.0,80.0,SYN,0.0,,5840.0,0.0,6561442.0,0.0,23,23,Internal
8171,0.295886,66.200.1.1,172.28.1.5,TCP,66,,,,7.0,107.0,71.0,0.0,24975430.0,6376566.0,476,476,External
8468,0.298292,46.164.31.97,172.28.203.222,HTTP,730,,,,,,,,,,1140,1140,External
8469,0.298293,201.221.0.68,172.28.37.124,TCP,74,,,,0.0,1.0,5792.0,0.0,25591760.0,6561442.0,23,23,External
8479,0.298391,172.28.37.124,201.221.0.68,HTTP,94,,,,,,,,,,23,23,Internal
8515,0.299336,217.182.183.109,172.28.75.68,HTTP,848,,,,,,,,,,25,25,External
8554,0.300449,201.221.0.68,172.28.37.124,HTTP,264,,,,,,,,,,23,23,External
8562,0.303984,172.28.138.84,185.161.94.113,TCP,74,49043.0,80.0,SYN,0.0,,5840.0,0.0,6561443.0,0.0,8,8,Internal
8563,0.304182,185.161.94.113,172.28.138.84,TCP,74,,,,0.0,1.0,5792.0,0.0,25591761.0,6561443.0,8,8,External
8565,0.30425,172.28.138.84,185.161.94.113,HTTP,95,,,,,,,,,,8,8,Internal
8573,0.305201,185.161.94.113,172.28.138.84,HTTP,900,,,,,,,,,,8,8,External
8578,0.309001,172.28.36.30,15.248.90.124,TCP,74,42749.0,80.0,SYN,0.0,,5840.0,0.0,6561443.0,0.0,39,39,Internal
8579,0.3092,15.248.90.124,172.28.36.30,TCP,74,,,,0.0,1.0,5792.0,0.0,25591762.0,6561443.0,39,39,External
8581,0.309265,172.28.36.30,15.248.90.124,HTTP,93,,,,,,,,,,39,39,Internal
8582,0.309299,172.28.10.6,198.41.0.4,DNS,86,,,,,,,,,,172,172,Internal
8586,0.309752,198.41.0.4,172.28.10.6,DNS,170,,,,,,,,,,172,172,External
8598,0.310692,15.248.90.124,172.28.36.30,HTTP,846,,,,,,,,,,39,39,External
8658,0.31542,172.28.192.5,64.180.1.1,SMTP,248,,,,,,,,,,562,562,Internal
8659,0.315681,64.180.1.1,172.28.192.5,TCP,66,48158.0,25.0,ACK,1.0,183.0,54.0,0.0,24975432.0,6376569.0,733,733,External
8660,0.315716,64.180.1.1,172.28.192.5,SMTP,82,,,,,,,,,,733,733,External
8661,0.315854,172.28.192.5,64.180.1.1,TCP,66,25.0,48158.0,ACK,183.0,17.0,46.0,0.0,6376569.0,24975432.0,562,562,Internal
8663,0.316032,172.28.180.195,118.61.58.121,TCP,74,42000.0,80.0,SYN,0.0,,5840.0,0.0,6561444.0,0.0,42,42,Internal
8664,0.316234,118.61.58.121,172.28.180.195,TCP,74,,,,0.0,1.0,5792.0,0.0,25591763.0,6561444.0,49,49,External
8666,0.316302,172.28.180.195,118.61.58.121,HTTP,95,,,,,,,,,,42,42,Internal
8678,0.321832,118.61.58.121,172.28.180.195,HTTP,175,,,,,,,,,,49,49,External
8689,0.324622,172.28.172.103,12.154.99.84,TCP,74,48166.0,80.0,SYN,0.0,,5840.0,0.0,6561445.0,0.0,49,49,Internal
8690,0.324823,12.154.99.84,172.28.172.103,TCP,74,,,,0.0,1.0,5792.0,0.0,25591763.0,6561445.0,77,77,External
8692,0.32489,172.28.172.103,12.154.99.84,HTTP,94,,,,,,,,,,49,49,Internal
8877,0.328052,12.154.99.84,172.28.172.103,HTTP,749,,,,,,,,,,77,77,External
8883,0.335523,172.28.205.33,124.243.7.98,TCP,74,39773.0,80.0,SYN,0.0,,5840.0,0.0,6561446.0,0.0,20,20,Internal
8884,0.335721,124.243.7.98,172.28.205.33,TCP,74,,,,0.0,1.0,5792.0,0.0,25591765.0,6561446.0,20,20,External
8886,0.335789,172.28.205.33,124.243.7.98,HTTP,95,,,,,,,,,,20,20,Internal
8918,0.337742,124.243.7.98,172.28.205.33,HTTP,181,,,,,,,,,,20,20,External
8923,0.345169,172.28.126.39,195.103.196.81,TCP,74,47463.0,80.0,SYN,0.0,,5840.0,0.0,6561447.0,0.0,29,29,Internal
8924,0.345369,195.103.196.81,172.28.126.39,TCP,74,,,,0.0,1.0,5792.0,0.0,25591766.0,6561447.0,32,32,External
8926,0.345434,172.28.126.39,195.103.196.81,HTTP,95,,,,,,,,,,29,29,Internal
8979,0.347583,195.103.196.81,172.28.126.39,HTTP,114,,,,,,,,,,32,32,External
8986,0.351542,172.28.50.57,31.118.184.29,TCP,74,33626.0,80.0,SYN,0.0,,5840.0,0.0,6561448.0,0.0,70,70,Internal
8987,0.35178,31.118.184.29,172.28.50.57,TCP,74,,,,0.0,1.0,5792.0,0.0,25591766.0,6561448.0,106,106,External
8990,0.351851,172.28.50.57,31.118.184.29,HTTP,95,,,,,,,,,,70,70,Internal
9103,0.360704,172.28.164.50,139.74.35.71,TCP,74,34429.0,80.0,SYN,0.0,,5840.0,0.0,6561449.0,0.0,5,5,Internal
9160,0.361169,31.118.184.29,172.28.50.57,HTTP,234,,,,,,,,,,106,106,External
9161,0.361169,139.74.35.71,172.28.164.50,TCP,74,,,,0.0,1.0,5792.0,0.0,25591767.0,6561449.0,5,5,External
9169,0.361273,172.28.164.50,139.74.35.71,HTTP,93,,,,,,,,,,5,5,Internal
9177,0.361681,139.74.35.71,172.28.164.50,HTTP,591,,,,,,,,,,5,5,External
9187,0.362082,64.180.1.1,172.28.192.5,SMTP/IMF,735,,,,,,,,,,733,733,External
9192,0.367308,172.28.163.102,55.106.116.191,TCP,74,43342.0,80.0,SYN,0.0,,5840.0,0.0,6561449.0,0.0,19,19,Internal
9193,0.367508,55.106.116.191,172.28.163.102,TCP,74,,,,0.0,1.0,5792.0,0.0,25591768.0,6561449.0,19,19,External
9196,0.367578,172.28.163.102,55.106.116.191,HTTP,94,,,,,,,,,,19,19,Internal
9228,0.369523,55.106.116.191,172.28.163.102,HTTP,716,,,,,,,,,,19,19,External
9232,0.377047,172.28.183.98,209.217.4.78,TCP,74,49672.0,80.0,SYN,0.0,,5840.0,0.0,6561450.0,0.0,54,54,Internal
9233,0.377247,209.217.4.78,172.28.183.98,TCP,74,,,,0.0,1.0,5792.0,0.0,25591769.0,6561450.0,73,73,External
9235,0.377312,172.28.183.98,209.217.4.78,HTTP,95,,,,,,,,,,54,54,Internal
9237,0.38464,172.28.65.233,30.210.52.53,TCP,74,47166.0,80.0,SYN,0.0,,5840.0,0.0,6561451.0,0.0,22,22,Internal
9238,0.384841,30.210.52.53,172.28.65.233,TCP,74,,,,0.0,1.0,5792.0,0.0,25591769.0,6561451.0,22,22,External
9240,0.384913,172.28.65.233,30.210.52.53,HTTP,95,,,,,,,,,,22,22,Internal
9276,0.386908,30.210.52.53,172.28.65.233,HTTP,454,,,,,,,,,,22,22,External
9398,0.390629,209.217.4.78,172.28.183.98,HTTP,1202,,,,,,,,,,73,73,External
9405,0.392158,172.28.163.40,80.177.173.71,TCP,74,53096.0,80.0,SYN,0.0,,5840.0,0.0,6561452.0,0.0,59,59,Internal
9406,0.39236,80.177.173.71,172.28.163.40,TCP,74,,,,0.0,1.0,5792.0,0.0,25591770.0,6561452.0,103,103,External
9408,0.392426,172.28.163.40,80.177.173.71,HTTP,94,,,,,,,,,,59,59,Internal
9561,0.395909,80.177.173.71,172.28.163.40,HTTP,1322,,,,,,,,,,103,103,External
9567,0.398518,172.28.225.3,191.229.253.181,TCP,74,48639.0,80.0,SYN,0.0,,5840.0,0.0,6561452.0,0.0,30,30,Internal
9568,0.398716,191.229.253.181,172.28.225.3,TCP,74,,,,0.0,1.0,5792.0,0.0,25591771.0,6561452.0,30,30,External
9570,0.398785,172.28.225.3,191.229.253.181,HTTP,94,,,,,,,,,,30,30,Internal
9572,0.399602,172.28.23.81,54.181.190.94,HTTP,138,,,,,,,,,,90,90,Internal
9573,0.399682,172.28.23.81,54.181.190.94,TCP,66,,,,73.0,1.0,91.0,0.0,6376577.0,25591569.0,90,90,Internal
9574,0.3998,54.181.190.94,172.28.23.81,TCP,60,80.0,56044.0,RST,1.0,,0.0,0.0,,,114,114,External
9582,0.40127,54.181.190.94,172.28.23.81,HTTP,474,,,,,,,,,,114,114,External
9591,0.405465,191.229.253.181,172.28.225.3,HTTP,679,,,,,,,,,,30,30,External
9596,0.405805,172.28.75.208,196.185.105.136,TCP,74,35341.0,80.0,SYN,0.0,,5840.0,0.0,6561453.0,0.0,13,13,Internal
9598,0.406015,196.185.105.136,172.28.75.208,TCP,74,,,,0.0,1.0,5792.0,0.0,25591772.0,6561453.0,13,13,External
9603,0.406106,172.28.75.208,196.185.105.136,HTTP,94,,,,,,,,,,13,13,Internal
9623,0.407614,196.185.105.136,172.28.75.208,HTTP,646,,,,,,,,,,13,13,External
9674,0.415602,172.28.226.2,126.240.201.103,TCP,74,45780.0,80.0,SYN,0.0,,5840.0,0.0,6561454.0,0.0,76,76,Internal
9675,0.415801,126.240.201.103,172.28.226.2,TCP,74,,,,0.0,1.0,5792.0,0.0,25591773.0,6561454.0,137,137,External
9677,0.41587,172.28.226.2,126.240.201.103,HTTP,94,,,,,,,,,,76,76,Internal
9755,0.418509,172.28.203.63,134.247.34.145,TCP,74,40552.0,80.0,SYN,0.0,,5840.0,0.0,6561454.0,0.0,10,10,Internal
9791,0.418987,134.247.34.145,172.28.203.63,TCP,74,,,,0.0,1.0,5792.0,0.0,25591773.0,6561454.0,10,10,External
9805,0.419099,172.28.203.63,134.247.34.145,HTTP,95,,,,,,,,,,10,10,Internal
9884,0.419739,126.240.201.103,172.28.226.2,HTTP,1031,,,,,,,,,,137,137,External
9896,0.424049,66.200.84.208,172.28.13.14,HTTP,145,,,,,,,,,,9,9,External
9897,0.42412,66.200.84.208,172.28.13.14,TCP,66,,,,80.0,1.0,55.0,0.0,24975442.0,6376269.0,9,9,External
9898,0.424204,172.28.13.14,66.200.84.208,TCP,60,80.0,42460.0,RST,1.0,,0.0,0.0,,,8,8,Internal
9904,0.424434,134.247.34.145,172.28.203.63,HTTP,402,,,,,,,,,,10,10,External
9924,0.427533,172.28.168.95,58.169.29.156,TCP,74,59030.0,80.0,SYN,0.0,,5840.0,0.0,6561455.0,0.0,10,10,Internal
9925,0.427734,58.169.29.156,172.28.168.95,TCP,74,,,,0.0,1.0,5792.0,0.0,25591774.0,6561455.0,10,10,External
9927,0.427804,172.28.168.95,58.169.29.156,HTTP,95,,,,,,,,,,10,10,Internal
9929,0.428204,58.169.29.156,172.28.168.95,HTTP,592,,,,,,,,,,10,10,External
9955,0.431729,172.28.13.14,66.200.84.208,HTTP,597,,,,,,,,,,8,8,Internal
9973,0.433551,172.28.52.72,59.209.14.80,TCP,74,54762.0,80.0,SYN,0.0,,5840.0,0.0,6561456.0,0.0,28,28,Internal
9974,0.433749,59.209.14.80,172.28.52.72,TCP,74,,,,0.0,1.0,5792.0,0.0,25591774.0,6561456.0,30,30,External
9976,0.43382,172.28.52.72,59.209.14.80,HTTP,94,,,,,,,,,,28,28,Internal
10018,0.435919,59.209.14.80,172.28.52.72,HTTP,168,,,,,,,,,,30,30,External
10031,0.441247,172.28.124.80,150.92.104.142,TCP,74,39632.0,80.0,SYN,0.0,,5840.0,0.0,6561457.0,0.0,9,9,Internal
10032,0.441451,150.92.104.142,172.28.124.80,TCP,74,,,,0.0,1.0,5792.0,0.0,25591775.0,6561457.0,9,9,External
10034,0.441516,172.28.124.80,150.92.104.142,HTTP,95,,,,,,,,,,9,9,Internal
10043,0.442491,150.92.104.142,172.28.124.80,HTTP,446,,,,,,,,,,9,9,External
10049,0.44595,172.28.187.13,110.97.234.115,TCP,74,48937.0,80.0,SYN,0.0,,5840.0,0.0,6561457.0,0.0,8,8,Internal
10050,0.446149,110.97.234.115,172.28.187.13,TCP,74,,,,0.0,1.0,5792.0,0.0,25591776.0,6561457.0,8,8,External
10052,0.446214,172.28.187.13,110.97.234.115,HTTP,94,,,,,,,,,,8,8,Internal
10062,0.450106,110.97.234.115,172.28.187.13,HTTP,1459,,,,,,,,,,8,8,External
10067,0.453012,172.28.175.103,173.103.44.165,TCP,74,50284.0,80.0,SYN,0.0,,5840.0,0.0,6561458.0,0.0,32,32,Internal
10068,0.453213,173.103.44.165,172.28.175.103,TCP,74,,,,0.0,1.0,5792.0,0.0,25591776.0,6561458.0,37,37,External
10070,0.453278,172.28.175.103,173.103.44.165,HTTP,94,,,,,,,,,,32,32,Internal
10131,0.456064,173.103.44.165,172.28.175.103,HTTP,1209,,,,,,,,,,37,37,External
10137,0.461705,172.28.142.2,173.146.113.36,TCP,74,42419.0,80.0,SYN,0.0,,5840.0,0.0,6561459.0,0.0,24,24,Internal
10138,0.461906,173.146.113.36,172.28.142.2,TCP,74,,,,0.0,1.0,5792.0,0.0,25591777.0,6561459.0,24,24,External
10140,0.461975,172.28.142.2,173.146.113.36,HTTP,94,,,,,,,,,,24,24,Internal
10178,0.464007,173.146.113.36,172.28.142.2,HTTP,244,,,,,,,,,,24,24,External
10188,0.467147,172.28.178.238,217.17.13.98,TCP,74,58517.0,80.0,SYN,0.0,,5840.0,0.0,6561459.0,0.0,11,11,Internal
10189,0.467346,217.17.13.98,172.28.178.238,TCP,74,,,,0.0,1.0,5792.0,0.0,25591778.0,6561459.0,11,11,External
10191,0.467416,172.28.178.238,217.17.13.98,HTTP,94,,,,,,,,,,11,11,Internal
10206,0.472431,217.17.13.98,172.28.178.238,HTTP,451,,,,,,,,,,11,11,External
10210,0.476717,172.28.138.203,29.35.231.60,TCP,74,38412.0,80.0,SYN,0.0,,5840.0,0.0,6561460.0,0.0,33,33,Internal
10211,0.476917,29.35.231.60,172.28.138.203,TCP,74,,,,0.0,1.0,5792.0,0.0,25591779.0,6561460.0,33,33,External
10213,0.47699,172.28.138.203,29.35.231.60,HTTP,94,,,,,,,,,,33,33,Internal
10247,0.478959,29.35.231.60,172.28.138.203,HTTP,1280,,,,,,,,,,33,33,External
10278,0.486634,172.28.3.146,70.98.31.6,TCP,66,,,,1.0,1.0,46.0,0.0,6376586.0,24973949.0,8,8,Internal
10279,0.488154,172.28.180.37,20.19.217.174,TCP,74,55733.0,80.0,SYN,0.0,,5840.0,0.0,6561461.0,0.0,28,28,Internal
10280,0.488352,20.19.217.174,172.28.180.37,TCP,74,,,,0.0,1.0,5792.0,0.0,25591780.0,6561461.0,29,29,External
10282,0.488417,172.28.180.37,20.19.217.174,HTTP,95,,,,,,,,,,28,28,Internal
10327,0.490536,20.19.217.174,172.28.180.37,HTTP,1412,,,,,,,,,,29,29,External
10351,0.492702,172.28.93.140,142.51.184.194,TCP,74,41535.0,80.0,SYN,0.0,,5840.0,0.0,6561462.0,0.0,152,152,Internal
10352,0.492903,142.51.184.194,172.28.93.140,TCP,74,,,,0.0,1.0,5792.0,0.0,25591780.0,6561462.0,300,300,External
10354,0.492974,172.28.93.140,142.51.184.194,HTTP,94,,,,,,,,,,152,152,Internal
10356,0.501162,172.28.180.224,76.40.109.121,TCP,74,48404.0,80.0,SYN,0.0,,5840.0,0.0,6561463.0,0.0,26,26,Internal
10357,0.501361,76.40.109.121,172.28.180.224,TCP,74,,,,0.0,1.0,5792.0,0.0,25591781.0,6561463.0,26,26,External
10359,0.501425,172.28.180.224,76.40.109.121,HTTP,95,,,,,,,,,,26,26,Internal
10409,0.503138,76.40.109.121,172.28.180.224,HTTP,719,,,,,,,,,,26,26,External
10422,0.503388,70.98.1.1,172.28.128.5,SMTP,82,,,,,,,,,,284,284,External
10438,0.503578,172.28.128.5,70.98.1.1,TCP,66,25.0,59862.0,ACK,182.0,17.0,46.0,0.0,6376588.0,24975450.0,260,260,Internal
10857,0.508652,142.51.184.194,172.28.93.140,HTTP,1352,,,,,,,,,,300,300,External
10863,0.512807,172.28.124.48,126.139.189.178,TCP,74,56538.0,80.0,SYN,0.0,,5840.0,0.0,6561464.0,0.0,141,141,Internal
10864,0.51301,126.139.189.178,172.28.124.48,TCP,74,,,,0.0,1.0,5792.0,0.0,25591782.0,6561464.0,272,272,External
10866,0.513083,172.28.124.48,126.139.189.178,HTTP,95,,,,,,,,,,141,141,Internal
10868,0.513895,172.28.4.95,1.43.223.217,HTTP,141,,,,,,,,,,52,52,Internal
10869,0.513964,172.28.4.95,1.43.223.217,TCP,66,,,,76.0,1.0,91.0,0.0,6376589.0,25585064.0,52,52,Internal
10870,0.514091,1.43.223.217,172.28.4.95,TCP,60,80.0,36681.0,RST,1.0,,0.0,0.0,,,51,51,External
10880,0.515575,1.43.223.217,172.28.4.95,HTTP,479,,,,,,,,,,51,51,External
11079,0.524185,172.28.173.149,203.49.127.121,TCP,74,38525.0,80.0,SYN,0.0,,5840.0,0.0,6561465.0,0.0,13,13,Internal
11141,0.524624,203.49.127.121,172.28.173.149,TCP,74,,,,0.0,1.0,5792.0,0.0,25591783.0,6561465.0,13,13,External
11163,0.524765,172.28.173.149,203.49.127.121,HTTP,93,,,,,,,,,,13,13,Internal
11286,0.525627,126.139.189.178,172.28.124.48,HTTP,1441,,,,,,,,,,272,272,External
11296,0.527894,172.28.73.245,154.29.138.43,TCP,74,33782.0,80.0,SYN,0.0,,5840.0,0.0,6561465.0,0.0,5,5,Internal
11297,0.528094,154.29.138.43,172.28.73.245,TCP,74,,,,0.0,1.0,5792.0,0.0,25591784.0,6561465.0,5,5,External
11299,0.52816,172.28.73.245,154.29.138.43,HTTP,94,,,,,,,,,,5,5,Internal
11303,0.52854,154.29.138.43,172.28.73.245,HTTP,594,,,,,,,,,,5,5,External
11321,0.529481,203.49.127.121,172.28.173.149,HTTP,1071,,,,,,,,,,13,13,External
11327,0.533258,172.28.226.157,96.139.114.125,TCP,74,53080.0,80.0,SYN,0.0,,5840.0,0.0,6561466.0,0.0,37,37,Internal
11328,0.533459,96.139.114.125,172.28.226.157,TCP,74,,,,0.0,1.0,5792.0,0.0,25591784.0,6561466.0,47,47,External
11330,0.533529,172.28.226.157,96.139.114.125,HTTP,93,,,,,,,,,,37,37,Internal
11370,0.535582,70.98.31.6,172.28.3.146,TCP,66,44331.0,80.0,ACK,1.0,2.0,54.0,0.0,24975453.0,6376586.0,9,9,External
11406,0.536158,96.139.114.125,172.28.226.157,HTTP,1236,,,,,,,,,,47,47,External
11414,0.540774,172.28.71.184,195.205.5.30,TCP,74,42905.0,80.0,SYN,0.0,,5840.0,0.0,6561467.0,0.0,35,35,Internal
11415,0.540976,195.205.5.30,172.28.71.184,TCP,74,,,,0.0,1.0,5792.0,0.0,25591785.0,6561467.0,44,44,External
11417,0.541046,172.28.71.184,195.205.5.30,HTTP,94,,,,,,,,,,35,35,Internal
11487,0.54911,195.205.5.30,172.28.71.184,HTTP,1322,,,,,,,,,,44,44,External
11493,0.551493,172.28.183.208,38.17.184.110,TCP,74,42844.0,80.0,SYN,0.0,,5840.0,0.0,6561468.0,0.0,23,23,Internal
11494,0.551696,38.17.184.110,172.28.183.208,TCP,74,,,,0.0,1.0,5792.0,0.0,25591786.0,6561468.0,23,23,External
11496,0.551761,172.28.183.208,38.17.184.110,HTTP,94,,,,,,,,,,23,23,Internal
11499,0.555012,70.98.1.1,172.28.128.5,SMTP/IMF,522,,,,,,,,,,284,284,External
11521,0.557723,38.17.184.110,172.28.183.208,HTTP,1361,,,,,,,,,,23,23,External
11541,0.558853,172.28.149.96,7.74.144.61,TCP,74,56183.0,80.0,SYN,0.0,,5840.0,0.0,6561468.0,0.0,115,115,Internal
11543,0.559051,7.74.144.61,172.28.149.96,TCP,74,,,,0.0,1.0,5792.0,0.0,25591787.0,6561468.0,174,174,External
11545,0.559122,172.28.149.96,7.74.144.61,HTTP,94,,,,,,,,,,115,115,Internal
11821,0.570312,7.74.144.61,172.28.149.96,HTTP,1431,,,,,,,,,,174,174,External
11834,0.570754,172.28.127.238,20.92.205.180,TCP,74,55397.0,80.0,SYN,0.0,,5840.0,0.0,6561470.0,0.0,23,23,Internal
11835,0.570952,20.92.205.180,172.28.127.238,TCP,74,,,,0.0,1.0,5792.0,0.0,25591788.0,6561470.0,23,23,External
11837,0.571018,172.28.127.238,20.92.205.180,HTTP,94,,,,,,,,,,23,23,Internal
11874,0.573023,20.92.205.180,172.28.127.238,HTTP,345,,,,,,,,,,23,23,External
11882,0.578311,172.28.173.181,149.12.250.71,TCP,74,59881.0,80.0,SYN,0.0,,5840.0,0.0,6561470.0,0.0,8,8,Internal
11883,0.57851,149.12.250.71,172.28.173.181,TCP,74,,,,0.0,1.0,5792.0,0.0,25591789.0,6561470.0,8,8,External
11885,0.578575,172.28.173.181,149.12.250.71,HTTP,95,,,,,,,,,,8,8,Internal
11891,0.579891,64.180.1.1,172.28.128.5,SMTP,72,,,,,,,,,,253,253,External
11893,0.580107,172.28.128.5,64.180.1.1,SMTP,115,,,,,,,,,,190,190,Internal
11894,0.580136,172.28.128.5,64.180.1.1,TCP,66,,,,50.0,7.0,401.0,0.0,6376595.0,24975458.0,190,190,Internal
11895,0.580359,64.180.1.1,172.28.128.5,TCP,66,40451.0,25.0,ACK,7.0,50.0,63.0,0.0,24975458.0,6376595.0,253,253,External
11900,0.58359,172.28.163.185,66.86.64.43,TCP,74,41768.0,80.0,SYN,0.0,,5840.0,0.0,6561471.0,0.0,67,67,Internal
11903,0.583799,66.86.64.43,172.28.163.185,TCP,74,,,,0.0,1.0,5792.0,0.0,25591789.0,6561471.0,89,89,External
11905,0.58387,172.28.163.185,66.86.64.43,HTTP,94,,,,,,,,,,67,67,Internal
11909,0.583999,149.12.250.71,172.28.173.181,HTTP,935,,,,,,,,,,8,8,External
11916,0.588699,172.28.83.186,167.222.148.105,TCP,74,48208.0,80.0,SYN,0.0,,5840.0,0.0,6561471.0,0.0,33,33,Internal
11921,0.588897,167.222.148.105,172.28.83.186,TCP,74,,,,0.0,1.0,5792.0,0.0,25591790.0,6561471.0,40,40,External
11923,0.588963,172.28.83.186,167.222.148.105,HTTP,95,,,,,,,,,,33,33,Internal
12076,0.591222,66.86.64.43,172.28.163.185,HTTP,961,,,,,,,,,,89,89,External
12092,0.591529,167.222.148.105,172.28.83.186,HTTP,459,,,,,,,,,,40,40,External
12103,0.592126,172.28.158.130,18.167.192.164,TCP,74,60861.0,80.0,SYN,0.0,,5840.0,0.0,6561472.0,0.0,58,58,Internal
12104,0.592306,18.167.192.164,172.28.158.130,TCP,74,,,,0.0,1.0,5792.0,0.0,25591790.0,6561472.0,96,96,External
12106,0.592373,172.28.158.130,18.167.192.164,HTTP,94,,,,,,,,,,58,58,Internal
12147,0.59922,172.28.73.96,195.51.219.143,TCP,74,37933.0,80.0,SYN,0.0,,5840.0,0.0,6561472.0,0.0,93,93,Internal
12148,0.599422,195.51.219.143,172.28.73.96,TCP,74,,,,0.0,1.0,5792.0,0.0,25591791.0,6561472.0,173,173,External
12150,0.599488,172.28.73.96,195.51.219.143,HTTP,94,,,,,,,,,,93,93,Internal
12500,0.604298,195.51.219.143,172.28.73.96,HTTP,297,,,,,,,,,,173,173,External
12554,0.604739,18.167.192.164,172.28.158.130,HTTP,1065,,,,,,,,,,96,96,External
12562,0.605519,172.28.138.128,1.1.99.35,TCP,74,44857.0,80.0,SYN,0.0,,5840.0,0.0,6561473.0,0.0,114,114,Internal
12563,0.605716,1.1.99.35,172.28.138.128,TCP,74,,,,0.0,1.0,5792.0,0.0,25591792.0,6561473.0,182,182,External
12565,0.605782,172.28.138.128,1.1.99.35,HTTP,95,,,,,,,,,,114,114,Internal
12621,0.608002,172.28.163.122,29.244.137.165,TCP,74,50615.0,80.0,SYN,0.0,,5840.0,0.0,6561473.0,0.0,142,142,Internal
12651,0.608484,29.244.137.165,172.28.163.122,TCP,74,,,,0.0,1.0,5792.0,0.0,25591792.0,6561473.0,276,276,External
12662,0.60858,172.28.163.122,29.244.137.165,HTTP,95,,,,,,,,,,142,142,Internal
12841,0.610069,1.1.99.35,172.28.138.128,HTTP,1201,,,,,,,,,,182,182,External
13270,0.614339,29.244.137.165,172.28.163.122,HTTP,846,,,,,,,,,,276,276,External
13278,0.617377,172.28.226.61,42.104.84.54,TCP,74,56044.0,80.0,SYN,0.0,,5840.0,0.0,6561474.0,0.0,76,76,Internal
13279,0.617579,42.104.84.54,172.28.226.61,TCP,74,,,,0.0,1.0,5792.0,0.0,25591793.0,6561474.0,137,137,External
13281,0.61765,172.28.226.61,42.104.84.54,HTTP,94,,,,,,,,,,76,76,Internal
13361,0.625087,172.28.85.217,17.201.201.124,TCP,74,44110.0,80.0,SYN,0.0,,5840.0,0.0,6561475.0,0.0,9,9,Internal
13395,0.625532,17.201.201.124,172.28.85.217,TCP,74,,,,0.0,1.0,5792.0,0.0,25591794.0,6561475.0,9,9,External
13411,0.625657,172.28.85.217,17.201.201.124,HTTP,94,,,,,,,,,,9,9,Internal
13492,0.626306,42.104.84.54,172.28.226.61,HTTP,893,,,,,,,,,,137,137,External
13504,0.626775,17.201.201.124,172.28.85.217,HTTP,227,,,,,,,,,,9,9,External
13512,0.629665,172.28.83.148,48.69.251.87,TCP,74,43682.0,80.0,SYN,0.0,,5840.0,0.0,6561475.0,0.0,29,29,Internal
13513,0.629865,48.69.251.87,172.28.83.148,TCP,74,,,,0.0,1.0,5792.0,0.0,25591794.0,6561475.0,31,31,External
13515,0.629936,172.28.83.148,48.69.251.87,HTTP,95,,,,,,,,,,29,29,Internal
13517,0.634942,172.28.75.188,25.122.99.57,TCP,74,43769.0,80.0,SYN,0.0,,5840.0,0.0,6561476.0,0.0,17,17,Internal
13518,0.635142,25.122.99.57,172.28.75.188,TCP,74,,,,0.0,1.0,5792.0,0.0,25591794.0,6561476.0,17,17,External
13520,0.635213,172.28.75.188,25.122.99.57,HTTP,94,,,,,,,,,,17,17,Internal
13542,0.636779,25.122.99.57,172.28.75.188,HTTP,1445,,,,,,,,,,17,17,External
13581,0.638613,172.28.156.244,89.181.81.212,TCP,74,57775.0,80.0,SYN,0.0,,5840.0,0.0,6561476.0,0.0,40,40,Internal
13599,0.639068,48.69.251.87,172.28.83.148,HTTP,750,,,,,,,,,,31,31,External
13600,0.639069,89.181.81.212,172.28.156.244,TCP,74,,,,0.0,1.0,5792.0,0.0,25591795.0,6561476.0,55,55,External
13610,0.639168,172.28.156.244,89.181.81.212,HTTP,95,,,,,,,,,,40,40,Internal
13621,0.640099,172.28.50.215,114.30.18.57,TCP,74,47599.0,80.0,SYN,0.0,,5840.0,0.0,6561477.0,0.0,10,10,Internal
13628,0.64019,70.98.1.1,172.28.1.5,SMTP,72,,,,,,,,,,767,767,External
13633,0.640283,114.30.18.57,172.28.50.215,TCP,74,,,,0.0,1.0,5792.0,0.0,25591795.0,6561477.0,10,10,External
13636,0.640358,172.28.50.215,114.30.18.57,HTTP,94,,,,,,,,,,10,10,Internal
13637,0.640372,172.28.1.5,70.98.1.1,TCP,66,25.0,57921.0,ACK,1.0,7.0,78.0,0.0,6376601.0,24975464.0,629,629,Internal
13638,0.640421,172.28.1.5,70.98.1.1,SMTP,115,,,,,,,,,,629,629,Internal
13649,0.640724,70.98.1.1,172.28.1.5,TCP,66,57921.0,25.0,ACK,7.0,50.0,63.0,0.0,24975464.0,6376601.0,767,767,External
13656,0.640787,114.30.18.57,172.28.50.215,HTTP,593,,,,,,,,,,10,10,External
13720,0.641911,89.181.81.212,172.28.156.244,HTTP,339,,,,,,,,,,55,55,External
13737,0.644947,172.28.64.180,54.181.190.85,TCP,74,34542.0,80.0,SYN,0.0,,5840.0,0.0,6561477.0,0.0,9,9,Internal
13738,0.645144,54.181.190.85,172.28.64.180,TCP,74,,,,0.0,1.0,5792.0,0.0,25591795.0,6561477.0,9,9,External
13740,0.645214,172.28.64.180,54.181.190.85,HTTP,94,,,,,,,,,,9,9,Internal
13749,0.64618,54.181.190.85,172.28.64.180,HTTP,466,,,,,,,,,,9,9,External
13755,0.655048,172.28.152.205,177.199.86.49,TCP,74,54533.0,80.0,SYN,0.0,,5840.0,0.0,6561478.0,0.0,34,34,Internal
13756,0.655247,177.199.86.49,172.28.152.205,TCP,74,,,,0.0,1.0,5792.0,0.0,25591796.0,6561478.0,40,40,External
13758,0.655313,172.28.152.205,177.199.86.49,HTTP,94,,,,,,,,,,34,34,Internal
13825,0.657861,177.199.86.49,172.28.152.205,HTTP,409,,,,,,,,,,40,40,External
13831,0.661071,172.28.226.18,68.182.95.92,TCP,74,39713.0,80.0,SYN,0.0,,5840.0,0.0,6561479.0,0.0,10,10,Internal
13832,0.661273,68.182.95.92,172.28.226.18,TCP,74,,,,0.0,1.0,5792.0,0.0,25591797.0,6561479.0,10,10,External
13834,0.661337,172.28.226.18,68.182.95.92,HTTP,95,,,,,,,,,,10,10,Internal
13838,0.661728,68.182.95.92,172.28.226.18,HTTP,592,,,,,,,,,,10,10,External
13853,0.665361,172.28.164.43,149.131.127.26,TCP,74,52299.0,80.0,SYN,0.0,,5840.0,0.0,6561479.0,0.0,18,18,Internal
13854,0.665558,149.131.127.26,172.28.164.43,TCP,74,,,,0.0,1.0,5792.0,0.0,25591798.0,6561479.0,18,18,External
13856,0.665624,172.28.164.43,149.131.127.26,HTTP,94,,,,,,,,,,18,18,Internal
13864,0.671067,149.131.127.26,172.28.164.43,HTTP,694,,,,,,,,,,18,18,External
13874,0.673723,172.28.149.176,116.111.120.94,TCP,74,38297.0,80.0,SYN,0.0,,5840.0,0.0,6561480.0,0.0,120,120,Internal
13875,0.673922,116.111.120.94,172.28.149.176,TCP,74,,,,0.0,1.0,5792.0,0.0,25591798.0,6561480.0,215,215,External
13877,0.673988,172.28.149.176,116.111.120.94,HTTP,95,,,,,,,,,,120,120,Internal
13885,0.676226,172.28.173.48,85.96.63.156,TCP,74,51455.0,80.0,SYN,0.0,,5840.0,0.0,6561480.0,0.0,170,170,Internal
13890,0.676507,85.96.63.156,172.28.173.48,TCP,74,,,,0.0,1.0,5792.0,0.0,25591799.0,6561480.0,239,239,External
13893,0.676592,172.28.173.48,85.96.63.156,HTTP,95,,,,,,,,,,170,170,Internal
14223,0.681276,85.96.63.156,172.28.173.48,HTTP,893,,,,,,,,,,239,239,External
14372,0.684339,172.28.77.100,74.107.78.20,TCP,74,35561.0,80.0,SYN,0.0,,5840.0,0.0,6561481.0,0.0,41,41,Internal
14403,0.68479,74.107.78.20,172.28.77.100,TCP,74,,,,0.0,1.0,5792.0,0.0,25591799.0,6561481.0,45,45,External
14416,0.684909,172.28.77.100,74.107.78.20,HTTP,94,,,,,,,,,,41,41,Internal
14624,0.686467,116.111.120.94,172.28.149.176,HTTP,691,,,,,,,,,,215,215,External
14632,0.68662,74.107.78.20,172.28.77.100,HTTP,799,,,,,,,,,,45,45,External
14719,0.693966,172.28.163.164,23.246.120.22,TCP,74,42564.0,80.0,SYN,0.0,,5840.0,0.0,6561482.0,0.0,28,28,Internal
14720,0.694165,23.246.120.22,172.28.163.164,TCP,74,,,,0.0,1.0,5792.0,0.0,25591800.0,6561482.0,29,29,External
14722,0.694236,172.28.163.164,23.246.120.22,HTTP,93,,,,,,,,,,28,28,Internal
14767,0.696338,23.246.120.22,172.28.163.164,HTTP,1106,,,,,,,,,,29,29,External
14778,0.703727,172.28.187.25,212.28.130.62,TCP,74,44360.0,80.0,SYN,0.0,,5840.0,0.0,6561483.0,0.0,27,27,Internal
14779,0.703928,212.28.130.62,172.28.187.25,TCP,74,,,,0.0,1.0,5792.0,0.0,25591801.0,6561483.0,27,27,External
14781,0.703993,172.28.187.25,212.28.130.62,HTTP,95,,,,,,,,,,27,27,Internal
14800,0.705487,212.28.130.62,172.28.187.25,HTTP,1238,,,,,,,,,,27,27,External
14831,0.707625,172.28.126.203,129.160.83.55,TCP,74,48647.0,80.0,SYN,0.0,,5840.0,0.0,6561483.0,0.0,57,57,Internal
14834,0.707836,129.160.83.55,172.28.126.203,TCP,74,,,,0.0,1.0,5792.0,0.0,25591802.0,6561483.0,98,98,External
14837,0.707906,172.28.126.203,129.160.83.55,HTTP,94,,,,,,,,,,57,57,Internal
14985,0.711352,129.160.83.55,172.28.126.203,HTTP,1260,,,,,,,,,,98,98,External
14991,0.71399,172.28.225.171,221.14.241.181,TCP,74,52193.0,80.0,SYN,0.0,,5840.0,0.0,6561484.0,0.0,5,5,Internal
14992,0.714189,221.14.241.181,172.28.225.171,TCP,74,,,,0.0,1.0,5792.0,0.0,25591802.0,6561484.0,5,5,External
14994,0.714255,172.28.225.171,221.14.241.181,HTTP,94,,,,,,,,,,5,5,Internal
14996,0.714645,221.14.241.181,172.28.225.171,HTTP,590,,,,,,,,,,5,5,External
15001,0.719173,172.28.83.131,112.150.23.20,TCP,74,37152.0,80.0,SYN,0.0,,5840.0,0.0,6561484.0,0.0,8,8,Internal
15002,0.719371,112.150.23.20,172.28.83.131,TCP,74,,,,0.0,1.0,5792.0,0.0,25591803.0,6561484.0,8,8,External
15005,0.71944,172.28.83.131,112.150.23.20,HTTP,94,,,,,,,,,,8,8,Internal
15014,0.720387,112.150.23.20,172.28.83.131,HTTP,567,,,,,,,,,,8,8,External
15019,0.721669,172.28.183.151,215.22.108.207,TCP,74,34691.0,80.0,SYN,0.0,,5840.0,0.0,6561485.0,0.0,12,12,Internal
15020,0.72187,215.22.108.207,172.28.183.151,TCP,74,,,,0.0,1.0,5792.0,0.0,25591803.0,6561485.0,12,12,External
15022,0.721938,172.28.183.151,215.22.108.207,HTTP,94,,,,,,,,,,12,12,Internal
15028,0.722619,172.28.4.88,175.30.22.91,HTTP,152,,,,,,,,,,29,29,Internal
15037,0.723071,175.30.22.91,172.28.4.88,TCP,1514,80.0,42981.0,ACK,1.0,87.0,46.0,1448.0,25591803.0,6376609.0,42,42,External
15041,0.723381,172.28.4.88,175.30.22.91,TCP,66,42981.0,80.0,ACK,87.0,1449.0,114.0,0.0,6376610.0,25591803.0,29,29,Internal
15045,0.723395,215.22.108.207,172.28.183.151,HTTP,1092,,,,,,,,,,12,12,External
15071,0.724722,172.28.124.10,76.40.109.121,TCP,74,50321.0,80.0,SYN,0.0,,5840.0,0.0,6561485.0,0.0,39,39,Internal
15081,0.724934,76.40.109.121,172.28.124.10,TCP,74,,,,0.0,1.0,5792.0,0.0,25591803.0,6561485.0,56,56,External
15083,0.725001,172.28.124.10,76.40.109.121,HTTP,94,,,,,,,,,,39,39,Internal
15117,0.725891,175.30.22.91,172.28.4.88,HTTP,399,,,,,,,,,,42,42,External
15198,0.727742,76.40.109.121,172.28.124.10,HTTP,72,,,,,,,,,,56,56,External
15205,0.733701,172.28.225.81,110.210.130.224,TCP,74,54736.0,80.0,SYN,0.0,,5840.0,0.0,6561486.0,0.0,132,132,Internal
15206,0.733902,110.210.130.224,172.28.225.81,TCP,74,,,,0.0,1.0,5792.0,0.0,25591804.0,6561486.0,196,196,External
15209,0.733973,172.28.225.81,110.210.130.224,HTTP,94,,,,,,,,,,132,132,Internal
15212,0.743401,172.28.206.226,58.231.224.128,TCP,74,43093.0,80.0,SYN,0.0,,5840.0,0.0,6561487.0,0.0,9,9,Internal
15213,0.743599,58.231.224.128,172.28.206.226,TCP,74,,,,0.0,1.0,5792.0,0.0,25591805.0,6561487.0,9,9,External
15215,0.743665,172.28.206.226,58.231.224.128,HTTP,94,,,,,,,,,,9,9,Internal
15224,0.74465,58.231.224.128,172.28.206.226,HTTP,1374,,,,,,,,,,9,9,External
15230,0.749316,172.28.224.140,17.60.93.116,TCP,74,34627.0,80.0,SYN,0.0,,5840.0,0.0,6561487.0,0.0,5,5,Internal
15231,0.749516,17.60.93.116,172.28.224.140,TCP,74,,,,0.0,1.0,5792.0,0.0,25591806.0,6561487.0,5,5,External
15234,0.749581,172.28.224.140,17.60.93.116,HTTP,94,,,,,,,,,,5,5,Internal
15237,0.749976,17.60.93.116,172.28.224.140,HTTP,600,,,,,,,,,,5,5,External
15472,0.760056,172.28.185.115,210.87.19.172,TCP,74,49438.0,80.0,SYN,0.0,,5840.0,0.0,6561489.0,0.0,37,37,Internal
15554,0.760479,110.210.130.224,172.28.225.81,HTTP,488,,,,,,,,,,196,196,External
15555,0.76048,210.87.19.172,172.28.185.115,TCP,74,,,,0.0,1.0,5792.0,0.0,25591807.0,6561489.0,37,37,External
15566,0.760578,172.28.185.115,210.87.19.172,HTTP,94,,,,,,,,,,37,37,Internal
15603,0.762573,210.87.19.172,172.28.185.115,HTTP,882,,,,,,,,,,37,37,External
15639,0.770169,172.28.205.186,137.73.116.62,TCP,74,42395.0,80.0,SYN,0.0,,5840.0,0.0,6561490.0,0.0,5,5,Internal
15640,0.770371,137.73.116.62,172.28.205.186,TCP,74,,,,0.0,1.0,5792.0,0.0,25591808.0,6561490.0,5,5,External
15642,0.770437,172.28.205.186,137.73.116.62,HTTP,95,,,,,,,,,,5,5,Internal
15644,0.770838,137.73.116.62,172.28.205.186,HTTP,598,,,,,,,,,,5,5,External
15649,0.775243,172.28.139.237,12.7.198.187,TCP,74,60566.0,80.0,SYN,0.0,,5840.0,0.0,6561490.0,0.0,8,8,Internal
15650,0.775441,12.7.198.187,172.28.139.237,TCP,74,,,,0.0,1.0,5792.0,0.0,25591809.0,6561490.0,8,8,External
15652,0.775511,172.28.139.237,12.7.198.187,HTTP,94,,,,,,,,,,8,8,Internal
15660,0.776459,12.7.198.187,172.28.139.237,HTTP,916,,,,,,,,,,8,8,External
15665,0.782847,172.28.94.82,85.73.163.181,TCP,74,46852.0,80.0,SYN,0.0,,5840.0,0.0,6561491.0,0.0,8,8,Internal
15666,0.783047,85.73.163.181,172.28.94.82,TCP,74,,,,0.0,1.0,5792.0,0.0,25591809.0,6561491.0,8,8,External
15668,0.783112,172.28.94.82,85.73.163.181,HTTP,94,,,,,,,,,,8,8,Internal
15676,0.790556,85.73.163.181,172.28.94.82,HTTP,792,,,,,,,,,,8,8,External
15681,0.791466,172.28.156.124,65.79.188.195,TCP,74,34991.0,80.0,SYN,0.0,,5840.0,0.0,6561492.0,0.0,18,18,Internal
15682,0.791665,65.79.188.195,172.28.156.124,TCP,74,,,,0.0,1.0,5792.0,0.0,25591810.0,6561492.0,18,18,External
15684,0.791732,172.28.156.124,65.79.188.195,HTTP,94,,,,,,,,,,18,18,Internal
15706,0.793299,65.79.188.195,172.28.156.124,HTTP,645,,,,,,,,,,18,18,External
15717,0.797202,172.28.163.230,43.29.217.101,TCP,74,49198.0,80.0,SYN,0.0,,5840.0,0.0,6561492.0,0.0,10,10,Internal
15718,0.797399,43.29.217.101,172.28.163.230,TCP,74,,,,0.0,1.0,5792.0,0.0,25591811.0,6561492.0,10,10,External
15720,0.797468,172.28.163.230,43.29.217.101,HTTP,94,,,,,,,,,,10,10,Internal
15724,0.803381,172.28.205.169,117.153.129.159,TCP,74,54704.0,80.0,SYN,0.0,,5840.0,0.0,6561493.0,0.0,18,18,Internal
15725,0.803582,117.153.129.159,172.28.205.169,TCP,74,,,,0.0,1.0,5792.0,0.0,25591811.0,6561493.0,18,18,External
15728,0.803656,172.28.205.169,117.153.129.159,HTTP,93,,,,,,,,,,18,18,Internal
15739,0.805165,43.29.217.101,172.28.163.230,HTTP,820,,,,,,,,,,10,10,External
15753,0.808458,117.153.129.159,172.28.205.169,HTTP,470,,,,,,,,,,18,18,External
15777,0.811718,172.28.228.62,9.106.213.124,TCP,74,35019.0,80.0,SYN,0.0,,5840.0,0.0,6561494.0,0.0,11,11,Internal
15778,0.811919,9.106.213.124,172.28.228.62,TCP,74,,,,0.0,1.0,5792.0,0.0,25591812.0,6561494.0,11,11,External
15780,0.811986,172.28.228.62,9.106.213.124,HTTP,94,,,,,,,,,,11,11,Internal
15795,0.813401,9.106.213.124,172.28.228.62,HTTP,445,,,,,,,,,,11,11,External
15799,0.819539,172.28.206.225,86.178.37.65,TCP,74,37049.0,80.0,SYN,0.0,,5840.0,0.0,6561494.0,0.0,35,35,Internal
15800,0.819742,86.178.37.65,172.28.206.225,TCP,74,,,,0.0,1.0,5792.0,0.0,25591813.0,6561494.0,45,45,External
15802,0.819809,172.28.206.225,86.178.37.65,HTTP,94,,,,,,,,,,35,35,Internal
15873,0.822395,86.178.37.65,172.28.206.225,HTTP,615,,,,,,,,,,45,45,External
15879,0.825645,172.28.81.109,71.175.220.17,TCP,74,50443.0,80.0,SYN,0.0,,5840.0,0.0,6561495.0,0.0,25,25,Internal
15880,0.825845,71.175.220.17,172.28.81.109,TCP,74,,,,0.0,1.0,5792.0,0.0,25591814.0,6561495.0,25,25,External
15882,0.82591,172.28.81.109,71.175.220.17,HTTP,94,,,,,,,,,,25,25,Internal
15920,0.827965,71.175.220.17,172.28.81.109,HTTP,330,,,,,,,,,,25,25,External
15929,0.836182,172.28.73.143,167.6.223.119,TCP,74,49575.0,80.0,SYN,0.0,,5840.0,0.0,6561496.0,0.0,8,8,Internal
15930,0.836384,167.6.223.119,172.28.73.143,TCP,74,,,,0.0,1.0,5792.0,0.0,25591815.0,6561496.0,8,8,External
15932,0.836456,172.28.73.143,167.6.223.119,HTTP,94,,,,,,,,,,8,8,Internal
15934,0.840247,172.28.138.97,176.90.188.150,TCP,74,53577.0,80.0,SYN,0.0,,5840.0,0.0,6561497.0,0.0,65,65,Internal
15935,0.84045,176.90.188.150,172.28.138.97,TCP,74,,,,0.0,1.0,5792.0,0.0,25591815.0,6561497.0,116,116,External
15937,0.84052,172.28.138.97,176.90.188.150,HTTP,95,,,,,,,,,,65,65,Internal
16118,0.844176,167.6.223.119,172.28.73.143,HTTP,843,,,,,,,,,,8,8,External
16119,0.844185,176.90.188.150,172.28.138.97,HTTP,1095,,,,,,,,,,116,116,External
16128,0.847928,Cisco_9e:7e:d8,Spanning-tree-(for-bridges)_00,STP,60,,,,,,,,,,34,34,Invalid IP
16129,0.847963,Cisco_9e:7e:d9,Spanning-tree-(for-bridges)_00,STP,60,,,,,,,,,,34,34,Invalid IP
16130,0.847987,Cisco_9e:7e:df,Spanning-tree-(for-bridges)_00,STP,60,,,,,,,,,,34,34,Invalid IP
16131,0.84801,Cisco_9e:7e:e0,Spanning-tree-(for-bridges)_00,STP,60,,,,,,,,,,34,34,Invalid IP
16132,0.848032,Cisco_9e:7e:e1,Spanning-tree-(for-bridges)_00,STP,60,,,,,,,,,,34,34,Invalid IP
16133,0.848055,Cisco_9e:7e:e3,Spanning-tree-(for-bridges)_00,STP,60,,,,,,,,,,34,34,Invalid IP
16134,0.848078,Cisco_9e:7e:e4,Spanning-tree-(for-bridges)_00,STP,60,,,,,,,,,,34,34,Invalid IP
16135,0.848101,Cisco_9e:7e:e6,Spanning-tree-(for-bridges)_00,STP,60,,,,,,,,,,34,34,Invalid IP
16136,0.848123,Cisco_9e:7e:e8,Spanning-tree-(for-bridges)_00,STP,60,,,,,,,,,,34,34,Invalid IP
16137,0.848146,Cisco_9e:7e:ef,Spanning-tree-(for-bridges)_00,STP,60,,,,,,,,,,34,34,Invalid IP
16138,0.848716,172.28.178.96,38.11.8.143,TCP,74,44945.0,80.0,SYN,0.0,,5840.0,0.0,6561497.0,0.0,20,20,Internal
16139,0.848916,38.11.8.143,172.28.178.96,TCP,74,,,,0.0,1.0,5792.0,0.0,25591816.0,6561497.0,20,20,External
16141,0.848981,172.28.178.96,38.11.8.143,HTTP,95,,,,,,,,,,20,20,Internal
16175,0.850925,38.11.8.143,172.28.178.96,HTTP,246,,,,,,,,,,20,20,External
16180,0.859326,172.28.175.75,162.246.173.214,TCP,74,41572.0,80.0,SYN,0.0,,5840.0,0.0,6561498.0,0.0,9,9,Internal
16181,0.859567,162.246.173.214,172.28.175.75,TCP,74,,,,0.0,1.0,5792.0,0.0,25591817.0,6561498.0,9,9,External
16183,0.859633,172.28.175.75,162.246.173.214,HTTP,95,,,,,,,,,,9,9,Internal
16194,0.860612,162.246.173.214,172.28.175.75,HTTP,510,,,,,,,,,,9,9,External
16200,0.865654,172.28.181.196,153.204.103.168,TCP,74,48781.0,80.0,SYN,0.0,,5840.0,0.0,6561499.0,0.0,10,10,Internal
16201,0.865854,153.204.103.168,172.28.181.196,TCP,74,,,,0.0,1.0,5792.0,0.0,25591818.0,6561499.0,10,10,External
16203,0.865923,172.28.181.196,153.204.103.168,HTTP,94,,,,,,,,,,10,10,Internal
16207,0.866307,153.204.103.168,172.28.181.196,HTTP,600,,,,,,,,,,10,10,External
16222,0.873797,172.28.34.235,76.6.196.36,TCP,74,54457.0,80.0,SYN,0.0,,5840.0,0.0,6561500.0,0.0,65,65,Internal
16223,0.873994,76.6.196.36,172.28.34.235,TCP,74,,,,0.0,1.0,5792.0,0.0,25591818.0,6561500.0,112,112,External
16225,0.874063,172.28.34.235,76.6.196.36,HTTP,95,,,,,,,,,,65,65,Internal
16229,0.877416,70.98.25.66,172.28.13.10,TCP,66,,,,1.0,1.0,64.0,0.0,24975488.0,6374346.0,1,1,External
16230,0.877549,172.28.13.10,70.98.25.66,TCP,66,80.0,39460.0,ACK,1.0,2.0,46.0,0.0,6376625.0,24975488.0,1,1,Internal
16231,0.877636,70.98.25.62,172.28.13.74,TCP,74,45057.0,80.0,SYN,0.0,,5840.0,0.0,24975488.0,0.0,18,18,External
16232,0.877807,172.28.13.74,70.98.25.62,TCP,74,,,,0.0,1.0,5792.0,0.0,6376625.0,24975488.0,16,16,Internal
16234,0.878234,70.98.25.62,172.28.13.74,HTTP,144,,,,,,,,,,18,18,External
16236,0.882701,172.28.142.134,125.59.49.70,TCP,74,52581.0,80.0,SYN,0.0,,5840.0,0.0,6561501.0,0.0,23,23,Internal
16237,0.8829,125.59.49.70,172.28.142.134,TCP,74,,,,0.0,1.0,5792.0,0.0,25591819.0,6561501.0,23,23,External
16241,0.883,172.28.142.134,125.59.49.70,HTTP,94,,,,,,,,,,23,23,Internal
16265,0.884039,70.98.38.99,172.28.13.71,TCP,66,,,,1.0,1.0,65.0,0.0,24975488.0,6374575.0,2,2,External
16266,0.884175,172.28.13.71,70.98.38.99,TCP,66,80.0,47631.0,ACK,1.0,2.0,46.0,0.0,6376626.0,24975488.0,2,2,Internal
16296,0.884658,172.28.13.74,70.98.25.62,HTTP,1397,,,,,,,,,,16,16,Internal
16353,0.885451,125.59.49.70,172.28.142.134,HTTP,931,,,,,,,,,,23,23,External
16468,0.886624,76.6.196.36,172.28.34.235,HTTP,848,,,,,,,,,,112,112,External
16475,0.893527,172.28.166.42,129.148.59.163,TCP,74,47457.0,80.0,SYN,0.0,,5840.0,0.0,6561502.0,0.0,69,69,Internal
16476,0.893727,129.148.59.163,172.28.166.42,TCP,74,,,,0.0,1.0,5792.0,0.0,25591820.0,6561502.0,128,128,External
16478,0.893793,172.28.166.42,129.148.59.163,HTTP,95,,,,,,,,,,69,69,Internal
16668,0.89761,129.148.59.163,172.28.166.42,HTTP,383,,,,,,,,,,128,128,External
16676,0.902637,172.28.145.243,193.168.132.190,TCP,74,53594.0,80.0,SYN,0.0,,5840.0,0.0,6561503.0,0.0,30,30,Internal
16677,0.902838,193.168.132.190,172.28.145.243,TCP,74,,,,0.0,1.0,5792.0,0.0,25591821.0,6561503.0,34,34,External
16679,0.902907,172.28.145.243,193.168.132.190,HTTP,94,,,,,,,,,,30,30,Internal
16734,0.90508,193.168.132.190,172.28.145.243,HTTP,1199,,,,,,,,,,34,34,External
16742,0.906958,172.28.224.53,186.160.83.19,TCP,74,35423.0,80.0,SYN,0.0,,5840.0,0.0,6561503.0,0.0,31,31,Internal
16743,0.907156,186.160.83.19,172.28.224.53,TCP,74,,,,0.0,1.0,5792.0,0.0,25591822.0,6561503.0,34,34,External
16745,0.907224,172.28.224.53,186.160.83.19,HTTP,95,,,,,,,,,,31,31,Internal
16775,0.908945,172.28.71.61,113.217.49.108,TCP,74,49126.0,80.0,SYN,0.0,,5840.0,0.0,6561503.0,0.0,17,17,Internal
16802,0.909396,186.160.83.19,172.28.224.53,HTTP,1243,,,,,,,,,,34,34,External
16803,0.909397,113.217.49.108,172.28.71.61,TCP,74,,,,0.0,1.0,5792.0,0.0,25591822.0,6561503.0,17,17,External
16808,0.909499,172.28.71.61,113.217.49.108,HTTP,93,,,,,,,,,,17,17,Internal
16832,0.916121,113.217.49.108,172.28.71.61,HTTP,1045,,,,,,,,,,17,17,External
16843,0.918271,172.28.64.53,84.50.76.56,TCP,74,59884.0,80.0,SYN,0.0,,5840.0,0.0,6561504.0,0.0,40,40,Internal
16844,0.918471,84.50.76.56,172.28.64.53,TCP,74,,,,0.0,1.0,5792.0,0.0,25591823.0,6561504.0,56,56,External
16846,0.918537,172.28.64.53,84.50.76.56,HTTP,94,,,,,,,,,,40,40,Internal
16860,0.923938,172.28.145.3,95.41.125.34,TCP,74,36477.0,80.0,SYN,0.0,,5840.0,0.0,6561505.0,0.0,8,8,Internal
16869,0.924198,95.41.125.34,172.28.145.3,TCP,74,,,,0.0,1.0,5792.0,0.0,25591823.0,6561505.0,8,8,External
16876,0.924301,172.28.145.3,95.41.125.34,HTTP,94,,,,,,,,,,8,8,Internal
16936,0.92537,84.50.76.56,172.28.64.53,HTTP,571,,,,,,,,,,56,56,External
16950,0.931738,95.41.125.34,172.28.145.3,HTTP,1044,,,,,,,,,,8,8,External
16955,0.934097,172.28.138.151,169.252.197.119,TCP,74,52392.0,80.0,SYN,0.0,,5840.0,0.0,6561506.0,0.0,37,37,Internal
16956,0.9343,169.252.197.119,172.28.138.151,TCP,74,,,,0.0,1.0,5792.0,0.0,25591824.0,6561506.0,37,37,External
16958,0.934371,172.28.138.151,169.252.197.119,HTTP,94,,,,,,,,,,37,37,Internal
16976,0.935865,169.252.197.119,172.28.138.151,HTTP,736,,,,,,,,,,37,37,External
17029,0.9448,172.28.201.57,89.56.103.204,TCP,74,37473.0,80.0,SYN,0.0,,5840.0,0.0,6561507.0,0.0,27,27,Internal
17030,0.945003,89.56.103.204,172.28.201.57,TCP,74,,,,0.0,1.0,5792.0,0.0,25591825.0,6561507.0,28,28,External
17032,0.945067,172.28.201.57,89.56.103.204,HTTP,93,,,,,,,,,,27,27,Internal
17034,0.948969,172.28.185.92,81.232.153.35,TCP,74,51038.0,80.0,SYN,0.0,,5840.0,0.0,6561507.0,0.0,188,188,Internal
17035,0.94917,81.232.153.35,172.28.185.92,TCP,74,,,,0.0,1.0,5792.0,0.0,25591826.0,6561507.0,258,258,External
17037,0.949234,172.28.185.92,81.232.153.35,HTTP,94,,,,,,,,,,188,188,Internal
17077,0.951056,89.56.103.204,172.28.201.57,HTTP,199,,,,,,,,,,28,28,External
17089,0.953424,172.28.75.31,55.66.187.111,TCP,74,34900.0,80.0,SYN,0.0,,5840.0,0.0,6561508.0,0.0,41,41,Internal
17090,0.953626,55.66.187.111,172.28.75.31,TCP,74,,,,0.0,1.0,5792.0,0.0,25591826.0,6561508.0,50,50,External
17092,0.953696,172.28.75.31,55.66.187.111,HTTP,95,,,,,,,,,,41,41,Internal
17106,0.963093,172.28.226.134,133.227.215.92,TCP,74,45464.0,80.0,SYN,0.0,,5840.0,0.0,6561509.0,0.0,52,52,Internal
17115,0.963388,133.227.215.92,172.28.226.134,TCP,74,,,,0.0,1.0,5792.0,0.0,25591827.0,6561509.0,82,82,External
17122,0.963496,172.28.226.134,133.227.215.92,HTTP,95,,,,,,,,,,52,52,Internal
17453,0.967011,133.227.215.92,172.28.226.134,HTTP,92,,,,,,,,,,82,82,External
17536,0.96993,55.66.187.111,172.28.75.31,HTTP,262,,,,,,,,,,50,50,External
17638,0.971619,172.28.38.186,12.154.99.84,TCP,74,59554.0,80.0,SYN,0.0,,5840.0,0.0,6561510.0,0.0,98,98,Internal
17639,0.971817,12.154.99.84,172.28.38.186,TCP,74,,,,0.0,1.0,5792.0,0.0,25591828.0,6561510.0,188,188,External
17641,0.971883,172.28.38.186,12.154.99.84,HTTP,94,,,,,,,,,,98,98,Internal
17774,0.973978,81.232.153.35,172.28.185.92,HTTP,1149,,,,,,,,,,258,258,External
18032,0.976794,12.154.99.84,172.28.38.186,HTTP,564,,,,,,,,,,188,188,External
18041,0.98315,172.28.50.3,65.120.41.88,TCP,74,41957.0,80.0,SYN,0.0,,5840.0,0.0,6561511.0,0.0,8,8,Internal
18042,0.983351,65.120.41.88,172.28.50.3,TCP,74,,,,0.0,1.0,5792.0,0.0,25591829.0,6561511.0,8,8,External
18044,0.983419,172.28.50.3,65.120.41.88,HTTP,94,,,,,,,,,,8,8,Internal
18052,0.984368,65.120.41.88,172.28.50.3,HTTP,868,,,,,,,,,,8,8,External
18057,0.990965,172.28.187.226,141.93.231.143,TCP,74,39024.0,80.0,SYN,0.0,,5840.0,0.0,6561512.0,0.0,41,41,Internal
18058,0.991168,141.93.231.143,172.28.187.226,TCP,74,,,,0.0,1.0,5792.0,0.0,25591830.0,6561512.0,47,47,External
18060,0.991234,172.28.187.226,141.93.231.143,HTTP,94,,,,,,,,,,41,41,Internal
18070,0.992224,141.93.231.143,172.28.187.226,HTTP,145,,,,,,,,,,47,47,External
18145,1.001103,172.28.226.116,82.105.28.78,TCP,74,42335.0,80.0,SYN,0.0,,5840.0,0.0,6561513.0,0.0,5,5,Internal
18146,1.001303,82.105.28.78,172.28.226.116,TCP,74,,,,0.0,1.0,5792.0,0.0,25591831.0,6561513.0,5,5,External
18148,1.001374,172.28.226.116,82.105.28.78,HTTP,94,,,,,,,,,,5,5,Internal
18150,1.001765,82.105.28.78,172.28.226.116,HTTP,595,,,,,,,,,,5,5,External
18155,1.010011,172.28.201.105,6.168.21.100,TCP,74,41548.0,80.0,SYN,0.0,,5840.0,0.0,6561514.0,0.0,45,45,Internal
18156,1.010211,6.168.21.100,172.28.201.105,TCP,74,,,,0.0,1.0,5792.0,0.0,25591832.0,6561514.0,49,49,External
18158,1.010281,172.28.201.105,6.168.21.100,HTTP,94,,,,,,,,,,45,45,Internal
18217,1.012693,6.168.21.100,172.28.201.105,HTTP,1461,,,,,,,,,,49,49,External
18249,1.016181,172.28.229.227,62.181.37.136,TCP,74,51803.0,80.0,SYN,0.0,,5840.0,0.0,6561514.0,0.0,12,12,Internal
18250,1.016382,62.181.37.136,172.28.229.227,TCP,74,,,,0.0,1.0,5792.0,0.0,25591833.0,6561514.0,12,12,External
18252,1.016452,172.28.229.227,62.181.37.136,HTTP,94,,,,,,,,,,12,12,Internal
18268,1.024739,62.181.37.136,172.28.229.227,HTTP,276,,,,,,,,,,12,12,External
18273,1.026124,172.28.156.212,154.250.173.36,TCP,74,51369.0,80.0,SYN,0.0,,5840.0,0.0,6561515.0,0.0,9,9,Internal
18274,1.026321,154.250.173.36,172.28.156.212,TCP,74,,,,0.0,1.0,5792.0,0.0,25591834.0,6561515.0,9,9,External
18276,1.026392,172.28.156.212,154.250.173.36,HTTP,95,,,,,,,,,,9,9,Internal
18285,1.027357,154.250.173.36,172.28.156.212,HTTP,533,,,,,,,,,,9,9,External
18291,1.032729,172.28.156.220,122.163.89.84,TCP,74,34174.0,80.0,SYN,0.0,,5840.0,0.0,6561516.0,0.0,10,10,Internal
18292,1.032927,122.163.89.84,172.28.156.220,TCP,74,,,,0.0,1.0,5792.0,0.0,25591834.0,6561516.0,10,10,External
18294,1.032992,172.28.156.220,122.163.89.84,HTTP,95,,,,,,,,,,10,10,Internal
18296,1.033374,122.163.89.84,172.28.156.220,HTTP,594,,,,,,,,,,10,10,External
18311,1.035882,172.28.179.54,67.159.40.113,TCP,74,36831.0,80.0,SYN,0.0,,5840.0,0.0,6561516.0,0.0,107,107,Internal
18312,1.036079,67.159.40.113,172.28.179.54,TCP,74,,,,0.0,1.0,5792.0,0.0,25591835.0,6561516.0,201,201,External
18314,1.036147,172.28.179.54,67.159.40.113,HTTP,95,,,,,,,,,,107,107,Internal
18324,1.04377,172.28.52.53,209.252.103.35,TCP,74,57026.0,80.0,SYN,0.0,,5840.0,0.0,6561517.0,0.0,46,46,Internal
18325,1.043969,209.252.103.35,172.28.52.53,TCP,74,,,,0.0,1.0,5792.0,0.0,25591835.0,6561517.0,68,68,External
18327,1.044037,172.28.52.53,209.252.103.35,HTTP,95,,,,,,,,,,46,46,Internal
18580,1.047464,172.28.160.107,212.13.216.172,TCP,74,40724.0,80.0,SYN,0.0,,5840.0,0.0,6561517.0,0.0,166,166,Internal
18582,1.047482,209.252.103.35,172.28.52.53,HTTP,1493,,,,,,,,,,68,68,External
18654,1.047985,212.13.216.172,172.28.160.107,TCP,74,,,,0.0,1.0,5792.0,0.0,25591836.0,6561517.0,319,319,External
18671,1.048101,172.28.160.107,212.13.216.172,HTTP,95,,,,,,,,,,166,166,Internal
18746,1.048687,67.159.40.113,172.28.179.54,HTTP,1505,,,,,,,,,,201,201,External
18764,1.049246,172.28.181.243,208.109.53.67,TCP,74,53255.0,80.0,SYN,0.0,,5840.0,0.0,6561517.0,0.0,124,124,Internal
18769,1.049465,208.109.53.67,172.28.181.243,TCP,74,,,,0.0,1.0,5792.0,0.0,25591836.0,6561517.0,224,224,External
18777,1.049576,172.28.181.243,208.109.53.67,HTTP,94,,,,,,,,,,124,124,Internal
18836,1.050606,172.28.1.5,64.180.1.1,SMTP/IMF,804,,,,,,,,,,851,851,Internal
19160,1.05337,172.28.153.233,5.232.140.28,TCP,74,33862.0,80.0,SYN,0.0,,5840.0,0.0,6561518.0,0.0,5,5,Internal
19228,1.053801,5.232.140.28,172.28.153.233,TCP,74,,,,0.0,1.0,5792.0,0.0,25591836.0,6561518.0,5,5,External
19242,1.053891,172.28.153.233,5.232.140.28,HTTP,94,,,,,,,,,,5,5,Internal
19260,1.054,212.13.216.172,172.28.160.107,HTTP,1391,,,,,,,,,,319,319,External
19269,1.054278,5.232.140.28,172.28.153.233,HTTP,603,,,,,,,,,,5,5,External
19371,1.058168,172.28.126.19,89.109.58.196,TCP,74,52669.0,80.0,SYN,0.0,,5840.0,0.0,6561518.0,0.0,40,40,Internal
19425,1.058671,89.109.58.196,172.28.126.19,TCP,74,,,,0.0,1.0,5792.0,0.0,25591837.0,6561518.0,40,40,External
19431,1.05876,172.28.126.19,89.109.58.196,HTTP,92,,,,,,,,,,40,40,Internal
19590,1.059908,208.109.53.67,172.28.181.243,HTTP,768,,,,,,,,,,224,224,External
19609,1.062273,172.28.75.112,149.78.184.161,TCP,74,35901.0,80.0,SYN,0.0,,5840.0,0.0,6561519.0,0.0,10,10,Internal
19611,1.06246,149.78.184.161,172.28.75.112,TCP,74,,,,0.0,1.0,5792.0,0.0,25591837.0,6561519.0,10,10,External
19613,1.062509,172.28.75.112,149.78.184.161,HTTP,94,,,,,,,,,,10,10,Internal
19652,1.064863,89.109.58.196,172.28.126.19,HTTP,376,,,,,,,,,,40,40,External
19673,1.066402,149.78.184.161,172.28.75.112,HTTP,584,,,,,,,,,,10,10,External
19686,1.069509,172.28.205.108,74.252.153.146,TCP,74,53157.0,80.0,SYN,0.0,,5840.0,0.0,6561519.0,0.0,96,96,Internal
19692,1.069711,74.252.153.146,172.28.205.108,TCP,74,,,,0.0,1.0,5792.0,0.0,25591838.0,6561519.0,166,166,External
19699,1.069776,172.28.205.108,74.252.153.146,HTTP,94,,,,,,,,,,96,96,Internal
19929,1.073902,74.252.153.146,172.28.205.108,HTTP,407,,,,,,,,,,166,166,External
19986,1.080465,172.28.50.53,134.19.75.45,TCP,74,48354.0,80.0,SYN,0.0,,5840.0,0.0,6561521.0,0.0,16,16,Internal
19987,1.080664,134.19.75.45,172.28.50.53,TCP,74,,,,0.0,1.0,5792.0,0.0,25591839.0,6561521.0,16,16,External
19989,1.080735,172.28.50.53,134.19.75.45,HTTP,94,,,,,,,,,,16,16,Internal
20010,1.092037,134.19.75.45,172.28.50.53,HTTP,1253,,,,,,,,,,16,16,External
20012,1.092073,172.28.152.245,111.46.91.117,TCP,74,54611.0,80.0,SYN,0.0,,5840.0,0.0,6561522.0,0.0,66,66,Internal
20020,1.092294,111.46.91.117,172.28.152.245,TCP,74,,,,0.0,1.0,5792.0,0.0,25591840.0,6561522.0,118,118,External
20023,1.092358,172.28.152.245,111.46.91.117,HTTP,94,,,,,,,,,,66,66,Internal
20028,1.09294,172.28.192.5,70.98.1.1,SMTP,247,,,,,,,,,,452,452,Internal
20030,1.093237,70.98.1.1,172.28.192.5,SMTP,82,,,,,,,,,,658,658,External
20037,1.099322,172.28.36.147,166.109.64.155,TCP,74,52955.0,80.0,SYN,0.0,,5840.0,0.0,6561522.0,0.0,18,18,Internal
20038,1.099521,166.109.64.155,172.28.36.147,TCP,74,,,,0.0,1.0,5792.0,0.0,25591841.0,6561522.0,18,18,External
20040,1.09959,172.28.36.147,166.109.64.155,HTTP,95,,,,,,,,,,18,18,Internal
20072,1.101118,166.109.64.155,172.28.36.147,HTTP,335,,,,,,,,,,18,18,External
20085,1.101384,70.98.1.1,172.28.192.5,SMTP/IMF,1341,,,,,,,,,,658,658,External
20213,1.10711,66.200.65.121,172.28.13.10,TCP,74,47326.0,80.0,SYN,0.0,,5840.0,0.0,24975511.0,0.0,7,7,External
20235,1.107309,172.28.13.10,66.200.65.121,TCP,74,,,,0.0,1.0,5792.0,0.0,6376648.0,24975511.0,6,6,Internal
20241,1.107712,66.200.65.121,172.28.13.10,HTTP,145,,,,,,,,,,7,7,External
20246,1.108134,172.28.157.141,14.17.187.88,TCP,74,51100.0,80.0,SYN,0.0,,5840.0,0.0,6561523.0,0.0,12,12,Internal
20267,1.108337,111.46.91.117,172.28.152.245,HTTP,1327,,,,,,,,,,118,118,External
20269,1.10835,14.17.187.88,172.28.157.141,TCP,74,,,,0.0,1.0,5792.0,0.0,25591842.0,6561523.0,12,12,External
20277,1.108444,172.28.157.141,14.17.187.88,HTTP,95,,,,,,,,,,12,12,Internal
20295,1.109909,14.17.187.88,172.28.157.141,HTTP,1264,,,,,,,,,,12,12,External
20301,1.114099,172.28.13.10,66.200.65.121,HTTP,1491,,,,,,,,,,6,6,Internal
20304,1.116128,172.28.163.43,50.14.118.46,TCP,74,42716.0,80.0,SYN,0.0,,5840.0,0.0,6561524.0,0.0,58,58,Internal
20305,1.116329,50.14.118.46,172.28.163.43,TCP,74,,,,0.0,1.0,5792.0,0.0,25591843.0,6561524.0,96,96,External
20307,1.116396,172.28.163.43,50.14.118.46,HTTP,95,,,,,,,,,,58,58,Internal
20311,1.119747,172.28.205.202,117.44.42.198,TCP,74,42741.0,80.0,SYN,0.0,,5840.0,0.0,6561524.0,0.0,25,25,Internal
20312,1.119948,117.44.42.198,172.28.205.202,TCP,74,,,,0.0,1.0,5792.0,0.0,25591843.0,6561524.0,25,25,External
20314,1.120015,172.28.205.202,117.44.42.198,HTTP,94,,,,,,,,,,25,25,Internal
20323,1.120993,117.44.42.198,172.28.205.202,HTTP,833,,,,,,,,,,25,25,External
20361,1.128225,172.28.71.136,171.120.6.138,TCP,74,46358.0,80.0,SYN,0.0,,5840.0,0.0,6561525.0,0.0,38,38,Internal
20364,1.128427,171.120.6.138,172.28.71.136,TCP,74,,,,0.0,1.0,5792.0,0.0,25591844.0,6561525.0,51,51,External
20368,1.128494,172.28.71.136,171.120.6.138,HTTP,95,,,,,,,,,,38,38,Internal
20571,1.131276,50.14.118.46,172.28.163.43,HTTP,1412,,,,,,,,,,96,96,External
20592,1.131433,171.120.6.138,172.28.71.136,HTTP,1153,,,,,,,,,,51,51,External
20601,1.132856,172.28.156.93,57.19.36.168,TCP,74,39012.0,80.0,SYN,0.0,,5840.0,0.0,6561526.0,0.0,23,23,Internal
20602,1.133058,57.19.36.168,172.28.156.93,TCP,74,,,,0.0,1.0,5792.0,0.0,25591844.0,6561526.0,23,23,External
20604,1.133128,172.28.156.93,57.19.36.168,HTTP,93,,,,,,,,,,23,23,Internal
20625,1.134673,57.19.36.168,172.28.156.93,HTTP,1041,,,,,,,,,,23,23,External
20648,1.143333,172.28.175.58,87.157.207.70,TCP,74,37484.0,80.0,SYN,0.0,,5840.0,0.0,6561527.0,0.0,234,234,Internal
20649,1.143528,87.157.207.70,172.28.175.58,TCP,74,,,,0.0,1.0,5792.0,0.0,25591845.0,6561527.0,330,330,External
20651,1.143599,172.28.175.58,87.157.207.70,HTTP,95,,,,,,,,,,234,234,Internal
20655,1.152164,172.28.126.14,17.202.87.50,TCP,74,54802.0,80.0,SYN,0.0,,5840.0,0.0,6561528.0,0.0,151,151,Internal
20656,1.152366,17.202.87.50,172.28.126.14,TCP,74,,,,0.0,1.0,5792.0,0.0,25591846.0,6561528.0,204,204,External
20658,1.152432,172.28.126.14,17.202.87.50,HTTP,94,,,,,,,,,,151,151,Internal
20663,1.157412,172.28.224.63,137.102.185.194,TCP,74,33443.0,80.0,SYN,0.0,,5840.0,0.0,6561528.0,0.0,61,61,Internal
20664,1.157611,137.102.185.194,172.28.224.63,TCP,74,,,,0.0,1.0,5792.0,0.0,25591847.0,6561528.0,88,88,External
20666,1.157676,172.28.224.63,137.102.185.194,HTTP,95,,,,,,,,,,61,61,Internal
20804,1.160933,137.102.185.194,172.28.224.63,HTTP,316,,,,,,,,,,88,88,External
20816,1.161582,172.28.36.128,221.5.185.216,TCP,74,37657.0,80.0,SYN,0.0,,5840.0,0.0,6561529.0,0.0,20,20,Internal
20822,1.161872,221.5.185.216,172.28.36.128,TCP,74,,,,0.0,1.0,5792.0,0.0,25591847.0,6561529.0,20,20,External
20828,1.161969,172.28.36.128,221.5.185.216,HTTP,94,,,,,,,,,,20,20,Internal
20846,1.162923,221.5.185.216,172.28.36.128,HTTP,263,,,,,,,,,,20,20,External
20972,1.172918,172.28.201.246,111.165.146.137,TCP,74,34966.0,80.0,SYN,0.0,,5840.0,0.0,6561530.0,0.0,5,5,Internal
20973,1.173116,111.165.146.137,172.28.201.246,TCP,74,,,,0.0,1.0,5792.0,0.0,25591848.0,6561530.0,5,5,External
20975,1.173181,172.28.201.246,111.165.146.137,HTTP,94,,,,,,,,,,5,5,Internal
20977,1.173516,172.28.13.36,70.98.25.66,TCP,66,,,,1.0,1.0,46.0,0.0,6376655.0,24974018.0,4,4,Internal
20978,1.173566,111.165.146.137,172.28.201.246,HTTP,598,,,,,,,,,,5,5,External
21145,1.180036,172.28.89.83,22.64.128.104,TCP,74,55325.0,80.0,SYN,0.0,,5840.0,0.0,6561531.0,0.0,5,5,Internal
21257,1.180727,22.64.128.104,172.28.89.83,TCP,74,,,,0.0,1.0,5792.0,0.0,25591849.0,6561531.0,5,5,External
21284,1.180873,172.28.89.83,22.64.128.104,HTTP,94,,,,,,,,,,5,5,Internal
21421,1.181864,87.157.207.70,172.28.175.58,HTTP,156,,,,,,,,,,330,330,External
21423,1.18187,22.64.128.104,172.28.89.83,HTTP,592,,,,,,,,,,5,5,External
21536,1.189231,172.28.173.10,73.43.208.101,TCP,74,45831.0,80.0,SYN,0.0,,5840.0,0.0,6561531.0,0.0,25,25,Internal
21584,1.189654,73.43.208.101,172.28.173.10,TCP,74,,,,0.0,1.0,5792.0,0.0,25591850.0,6561531.0,25,25,External
21596,1.189759,172.28.173.10,73.43.208.101,HTTP,95,,,,,,,,,,25,25,Internal
21787,1.190814,17.202.87.50,172.28.126.14,HTTP,500,,,,,,,,,,204,204,External
21807,1.19272,172.28.81.160,176.1.81.49,TCP,74,57678.0,80.0,SYN,0.0,,5840.0,0.0,6561532.0,0.0,26,26,Internal
21808,1.192923,176.1.81.49,172.28.81.160,TCP,74,,,,0.0,1.0,5792.0,0.0,25591850.0,6561532.0,26,26,External
21811,1.192993,172.28.81.160,176.1.81.49,HTTP,94,,,,,,,,,,26,26,Internal
21845,1.194955,176.1.81.49,172.28.81.160,HTTP,69,,,,,,,,,,26,26,External
21863,1.200562,172.28.183.241,203.213.25.133,TCP,74,38383.0,80.0,SYN,0.0,,5840.0,0.0,6561533.0,0.0,274,274,Internal
21866,1.200784,203.213.25.133,172.28.183.241,TCP,74,,,,0.0,1.0,5792.0,0.0,25591851.0,6561533.0,540,540,External
21868,1.200853,172.28.183.241,203.213.25.133,HTTP,94,,,,,,,,,,274,274,Internal
21915,1.202056,73.43.208.101,172.28.173.10,HTTP,1262,,,,,,,,,,25,25,External
22140,1.204996,70.98.25.66,172.28.13.36,TCP,66,52460.0,80.0,ACK,1.0,2.0,91.0,0.0,24975521.0,6376655.0,4,4,External
22714,1.208849,203.213.25.133,172.28.183.241,HTTP,876,,,,,,,,,,540,540,External
22721,1.209147,172.28.126.67,138.165.160.134,TCP,74,48373.0,80.0,SYN,0.0,,5840.0,0.0,6561533.0,0.0,34,34,Internal
22722,1.209347,138.165.160.134,172.28.126.67,TCP,74,,,,0.0,1.0,5792.0,0.0,25591852.0,6561533.0,43,43,External
22724,1.209418,172.28.126.67,138.165.160.134,HTTP,94,,,,,,,,,,34,34,Internal
22794,1.21674,138.165.160.134,172.28.126.67,HTTP,232,,,,,,,,,,43,43,External
22801,1.220638,172.28.53.234,62.153.78.202,TCP,74,41189.0,80.0,SYN,0.0,,5840.0,0.0,6561535.0,0.0,15,15,Internal
22802,1.220838,62.153.78.202,172.28.53.234,TCP,74,,,,0.0,1.0,5792.0,0.0,25591853.0,6561535.0,15,15,External
22804,1.220904,172.28.53.234,62.153.78.202,HTTP,94,,,,,,,,,,15,15,Internal
22824,1.222398,62.153.78.202,172.28.53.234,HTTP,955,,,,,,,,,,15,15,External
22833,1.226221,172.28.149.138,6.113.149.59,TCP,74,50146.0,80.0,SYN,0.0,,5840.0,0.0,6561535.0,0.0,177,177,Internal
22834,1.226421,6.113.149.59,172.28.149.138,TCP,74,,,,0.0,1.0,5792.0,0.0,25591854.0,6561535.0,357,357,External
22836,1.226492,172.28.149.138,6.113.149.59,HTTP,94,,,,,,,,,,177,177,Internal
23103,1.235595,172.28.160.64,160.171.142.153,TCP,74,37396.0,80.0,SYN,0.0,,5840.0,0.0,6561536.0,0.0,32,32,Internal
23104,1.235792,160.171.142.153,172.28.160.64,TCP,74,,,,0.0,1.0,5792.0,0.0,25591855.0,6561536.0,37,37,External
23106,1.235862,172.28.160.64,160.171.142.153,HTTP,94,,,,,,,,,,32,32,Internal
23398,1.238349,6.113.149.59,172.28.149.138,HTTP,866,,,,,,,,,,357,357,External
23435,1.238901,160.171.142.153,172.28.160.64,HTTP,481,,,,,,,,,,37,37,External
23441,1.243253,172.28.175.201,200.8.151.201,TCP,74,58583.0,80.0,SYN,0.0,,5840.0,0.0,6561537.0,0.0,40,40,Internal
23442,1.243453,200.8.151.201,172.28.175.201,TCP,74,,,,0.0,1.0,5792.0,0.0,25591855.0,6561537.0,44,44,External
23444,1.243524,172.28.175.201,200.8.151.201,HTTP,94,,,,,,,,,,40,40,Internal
23456,1.24452,200.8.151.201,172.28.175.201,HTTP,473,,,,,,,,,,44,44,External
23527,1.248057,172.28.37.183,161.28.14.122,TCP,74,39037.0,80.0,SYN,0.0,,5840.0,0.0,6561537.0,0.0,9,9,Internal
23528,1.248255,161.28.14.122,172.28.37.183,TCP,74,,,,0.0,1.0,5792.0,0.0,25591856.0,6561537.0,9,9,External
23530,1.248323,172.28.37.183,161.28.14.122,HTTP,94,,,,,,,,,,9,9,Internal
23539,1.249277,161.28.14.122,172.28.37.183,HTTP,130,,,,,,,,,,9,9,External
23545,1.250442,172.28.75.66,185.23.238.77,TCP,74,39840.0,80.0,SYN,0.0,,5840.0,0.0,6561538.0,0.0,45,45,Internal
23546,1.250639,185.23.238.77,172.28.75.66,TCP,74,,,,0.0,1.0,5792.0,0.0,25591856.0,6561538.0,67,67,External
23548,1.250705,172.28.75.66,185.23.238.77,HTTP,94,,,,,,,,,,45,45,Internal
23550,1.252224,172.28.83.102,14.84.83.230,TCP,74,49928.0,80.0,SYN,0.0,,5840.0,0.0,6561538.0,0.0,13,13,Internal
23551,1.252422,14.84.83.230,172.28.83.102,TCP,74,,,,0.0,1.0,5792.0,0.0,25591856.0,6561538.0,13,13,External
23553,1.252492,172.28.83.102,14.84.83.230,HTTP,94,,,,,,,,,,13,13,Internal
23567,1.253898,172.28.124.97,219.120.13.164,TCP,74,37923.0,80.0,SYN,0.0,,5840.0,0.0,6561538.0,0.0,8,8,Internal
23576,1.254101,219.120.13.164,172.28.124.97,TCP,74,,,,0.0,1.0,5792.0,0.0,25591856.0,6561538.0,8,8,External
23585,1.254207,172.28.124.97,219.120.13.164,HTTP,95,,,,,,,,,,8,8,Internal
23652,1.2553,219.120.13.164,172.28.124.97,HTTP,1352,,,,,,,,,,8,8,External
23673,1.255634,185.23.238.77,172.28.75.66,HTTP,1039,,,,,,,,,,67,67,External
23695,1.259574,14.84.83.230,172.28.83.102,HTTP,435,,,,,,,,,,13,13,External
23701,1.261791,172.28.65.26,38.216.35.202,TCP,74,41447.0,80.0,SYN,0.0,,5840.0,0.0,6561539.0,0.0,40,40,Internal
23702,1.261989,38.216.35.202,172.28.65.26,TCP,74,,,,0.0,1.0,5792.0,0.0,25591857.0,6561539.0,46,46,External
23704,1.26206,172.28.65.26,38.216.35.202,HTTP,94,,,,,,,,,,40,40,Internal
23715,1.263027,38.216.35.202,172.28.65.26,HTTP,365,,,,,,,,,,46,46,External
23789,1.274042,172.28.228.102,133.22.139.88,TCP,74,35465.0,80.0,SYN,0.0,,5840.0,0.0,6561540.0,0.0,79,79,Internal
23790,1.274242,133.22.139.88,172.28.228.102,TCP,74,,,,0.0,1.0,5792.0,0.0,25591858.0,6561540.0,145,145,External
23792,1.274312,172.28.228.102,133.22.139.88,HTTP,94,,,,,,,,,,79,79,Internal
24006,1.278237,133.22.139.88,172.28.228.102,HTTP,871,,,,,,,,,,145,145,External
24015,1.27923,172.28.52.30,169.132.124.183,TCP,74,38505.0,80.0,SYN,0.0,,5840.0,0.0,6561540.0,0.0,41,41,Internal
24016,1.279431,169.132.124.183,172.28.52.30,TCP,74,,,,0.0,1.0,5792.0,0.0,25591859.0,6561540.0,59,59,External
24018,1.279498,172.28.52.30,169.132.124.183,HTTP,94,,,,,,,,,,41,41,Internal
24022,1.286509,172.28.166.201,83.120.249.233,TCP,74,58829.0,80.0,SYN,0.0,,5840.0,0.0,6561541.0,0.0,30,30,Internal
24023,1.286708,83.120.249.233,172.28.166.201,TCP,74,,,,0.0,1.0,5792.0,0.0,25591860.0,6561541.0,34,34,External
24025,1.286774,172.28.166.201,83.120.249.233,HTTP,94,,,,,,,,,,30,30,Internal
24080,1.28893,83.120.249.233,172.28.166.201,HTTP,199,,,,,,,,,,34,34,External
24088,1.290487,172.28.93.162,218.253.88.224,TCP,74,44658.0,80.0,SYN,0.0,,5840.0,0.0,6561542.0,0.0,13,13,Internal
24089,1.290686,218.253.88.224,172.28.93.162,TCP,74,,,,0.0,1.0,5792.0,0.0,25591860.0,6561542.0,13,13,External
24091,1.290756,172.28.93.162,218.253.88.224,HTTP,95,,,,,,,,,,13,13,Internal
24182,1.296143,169.132.124.183,172.28.52.30,HTTP,1102,,,,,,,,,,59,59,External
24187,1.296405,172.28.158.104,183.128.39.29,TCP,74,53235.0,80.0,SYN,0.0,,5840.0,0.0,6561542.0,0.0,10,10,Internal
24189,1.296603,183.128.39.29,172.28.158.104,TCP,74,,,,0.0,1.0,5792.0,0.0,25591861.0,6561542.0,10,10,External
24191,1.296673,172.28.158.104,183.128.39.29,HTTP,95,,,,,,,,,,10,10,Internal
24195,1.297067,183.128.39.29,172.28.158.104,HTTP,597,,,,,,,,,,10,10,External
24220,1.298302,218.253.88.224,172.28.93.162,HTTP,338,,,,,,,,,,13,13,External
24231,1.300459,172.28.142.76,207.115.215.32,TCP,74,52275.0,80.0,SYN,0.0,,5840.0,0.0,6561543.0,0.0,106,106,Internal
24232,1.300659,207.115.215.32,172.28.142.76,TCP,74,,,,0.0,1.0,5792.0,0.0,25591861.0,6561543.0,194,194,External
24234,1.300724,172.28.142.76,207.115.215.32,HTTP,95,,,,,,,,,,106,106,Internal
24324,1.303466,172.28.73.63,115.104.71.15,TCP,74,42679.0,80.0,SYN,0.0,,5840.0,0.0,6561543.0,0.0,34,34,Internal
24360,1.303957,115.104.71.15,172.28.73.63,TCP,74,,,,0.0,1.0,5792.0,0.0,25591861.0,6561543.0,34,34,External
24376,1.304086,172.28.73.63,115.104.71.15,HTTP,94,,,,,,,,,,34,34,Internal
24530,1.305256,207.115.215.32,172.28.142.76,HTTP,1288,,,,,,,,,,194,194,External
24538,1.307291,172.28.181.188,97.124.145.74,TCP,74,47627.0,80.0,SYN,0.0,,5840.0,0.0,6561543.0,0.0,58,58,Internal
24539,1.307489,97.124.145.74,172.28.181.188,TCP,74,,,,0.0,1.0,5792.0,0.0,25591862.0,6561543.0,77,77,External
24541,1.307556,172.28.181.188,97.124.145.74,HTTP,94,,,,,,,,,,58,58,Internal
24635,1.310204,115.104.71.15,172.28.73.63,HTTP,794,,,,,,,,,,34,34,External
24675,1.310611,97.124.145.74,172.28.181.188,HTTP,1381,,,,,,,,,,77,77,External
24696,1.311864,172.28.226.193,222.108.137.54,TCP,74,52664.0,80.0,SYN,0.0,,5840.0,0.0,6561544.0,0.0,20,20,Internal
24698,1.312062,222.108.137.54,172.28.226.193,TCP,74,,,,0.0,1.0,5792.0,0.0,25591862.0,6561544.0,20,20,External
24700,1.312128,172.28.226.193,222.108.137.54,HTTP,95,,,,,,,,,,20,20,Internal
24709,1.313108,222.108.137.54,172.28.226.193,HTTP,1089,,,,,,,,,,20,20,External
24776,1.322253,172.28.53.46,46.158.252.222,TCP,74,34144.0,80.0,SYN,0.0,,5840.0,0.0,6561545.0,0.0,27,27,Internal
24777,1.322452,46.158.252.222,172.28.53.46,TCP,74,,,,0.0,1.0,5792.0,0.0,25591863.0,6561545.0,28,28,External
24779,1.322525,172.28.53.46,46.158.252.222,HTTP,94,,,,,,,,,,27,27,Internal
24820,1.324596,46.158.252.222,172.28.53.46,HTTP,207,,,,,,,,,,28,28,External
24831,1.329822,172.28.156.43,54.78.20.175,TCP,74,48640.0,80.0,SYN,0.0,,5840.0,0.0,6561545.0,0.0,9,9,Internal
24832,1.330022,54.78.20.175,172.28.156.43,TCP,74,,,,0.0,1.0,5792.0,0.0,25591864.0,6561545.0,9,9,External
24834,1.330092,172.28.156.43,54.78.20.175,HTTP,94,,,,,,,,,,9,9,Internal
24845,1.331073,54.78.20.175,172.28.156.43,HTTP,733,,,,,,,,,,9,9,External
24851,1.34064,172.28.226.234,212.24.243.28,TCP,74,43250.0,80.0,SYN,0.0,,5840.0,0.0,6561547.0,0.0,29,29,Internal
24852,1.34084,212.24.243.28,172.28.226.234,TCP,74,,,,0.0,1.0,5792.0,0.0,25591865.0,6561547.0,31,31,External
24854,1.340907,172.28.226.234,212.24.243.28,HTTP,95,,,,,,,,,,29,29,Internal
24899,1.343021,212.24.243.28,172.28.226.234,HTTP,131,,,,,,,,,,31,31,External
24911,1.350452,172.28.34.248,56.92.191.97,TCP,74,53689.0,80.0,SYN,0.0,,5840.0,0.0,6561548.0,0.0,53,53,Internal
24912,1.350651,56.92.191.97,172.28.34.248,TCP,74,,,,0.0,1.0,5792.0,0.0,25591866.0,6561548.0,86,86,External
24914,1.350717,172.28.34.248,56.92.191.97,HTTP,94,,,,,,,,,,53,53,Internal
25043,1.354016,56.92.191.97,172.28.34.248,HTTP,208,,,,,,,,,,86,86,External
25050,1.361491,172.28.152.158,67.214.232.149,TCP,74,44036.0,80.0,SYN,0.0,,5840.0,0.0,6561549.0,0.0,21,21,Internal
25051,1.361731,67.214.232.149,172.28.152.158,TCP,74,,,,0.0,1.0,5792.0,0.0,25591867.0,6561549.0,21,21,External
25054,1.361801,172.28.152.158,67.214.232.149,HTTP,95,,,,,,,,,,21,21,Internal
25085,1.367384,172.28.52.146,122.115.82.66,TCP,74,49147.0,80.0,SYN,0.0,,5840.0,0.0,6561549.0,0.0,90,90,Internal
25089,1.367437,67.214.232.149,172.28.152.158,HTTP,519,,,,,,,,,,21,21,External
25094,1.367582,122.115.82.66,172.28.52.146,TCP,74,,,,0.0,1.0,5792.0,0.0,25591868.0,6561549.0,146,146,External
25096,1.367645,172.28.52.146,122.115.82.66,HTTP,95,,,,,,,,,,90,90,Internal
25324,1.371673,122.115.82.66,172.28.52.146,HTTP,677,,,,,,,,,,146,146,External
25332,1.376389,172.28.156.82,3.0.19.182,TCP,74,35626.0,80.0,SYN,0.0,,5840.0,0.0,6561550.0,0.0,18,18,Internal
25333,1.37659,3.0.19.182,172.28.156.82,TCP,74,,,,0.0,1.0,5792.0,0.0,25591869.0,6561550.0,18,18,External
25335,1.376655,172.28.156.82,3.0.19.182,HTTP,94,,,,,,,,,,18,18,Internal
25343,1.377601,3.0.19.182,172.28.156.82,HTTP,1018,,,,,,,,,,18,18,External
25368,1.381244,172.28.83.190,87.164.163.157,TCP,74,34710.0,80.0,SYN,0.0,,5840.0,0.0,6561551.0,0.0,22,22,Internal
25369,1.381444,87.164.163.157,172.28.83.190,TCP,74,,,,0.0,1.0,5792.0,0.0,25591869.0,6561551.0,22,22,External
25371,1.381514,172.28.83.190,87.164.163.157,HTTP,94,,,,,,,,,,22,22,Internal
25373,1.389232,172.28.187.199,19.21.25.101,TCP,74,43720.0,80.0,SYN,0.0,,5840.0,0.0,6561551.0,0.0,22,22,Internal
25376,1.389462,19.21.25.101,172.28.187.199,TCP,74,,,,0.0,1.0,5792.0,0.0,25591870.0,6561551.0,22,22,External
25378,1.389562,172.28.187.199,19.21.25.101,HTTP,94,,,,,,,,,,22,22,Internal
25410,1.390992,87.164.163.157,172.28.83.190,HTTP,426,,,,,,,,,,22,22,External
25417,1.395638,172.28.34.19,63.229.207.85,TCP,74,35590.0,80.0,SYN,0.0,,5840.0,0.0,6561552.0,0.0,41,41,Internal
25418,1.395836,63.229.207.85,172.28.34.19,TCP,74,,,,0.0,1.0,5792.0,0.0,25591871.0,6561552.0,61,61,External
25420,1.395902,172.28.34.19,63.229.207.85,HTTP,93,,,,,,,,,,41,41,Internal
25470,1.397455,19.21.25.101,172.28.187.199,HTTP,231,,,,,,,,,,22,22,External
25551,1.398719,63.229.207.85,172.28.34.19,HTTP,1265,,,,,,,,,,61,61,External
25558,1.400624,172.28.180.24,169.105.156.35,TCP,74,50607.0,80.0,SYN,0.0,,5840.0,0.0,6561553.0,0.0,87,87,Internal
25559,1.400821,169.105.156.35,172.28.180.24,TCP,74,,,,0.0,1.0,5792.0,0.0,25591871.0,6561553.0,128,128,External
25561,1.400889,172.28.180.24,169.105.156.35,HTTP,95,,,,,,,,,,87,87,Internal
25713,1.404338,169.105.156.35,172.28.180.24,HTTP,220,,,,,,,,,,128,128,External
25773,1.411507,172.28.156.138,200.75.138.131,TCP,74,55938.0,80.0,SYN,0.0,,5840.0,0.0,6561554.0,0.0,22,22,Internal
25774,1.41171,200.75.138.131,172.28.156.138,TCP,74,,,,0.0,1.0,5792.0,0.0,25591872.0,6561554.0,22,22,External
25776,1.41178,172.28.156.138,200.75.138.131,HTTP,94,,,,,,,,,,22,22,Internal
25810,1.413767,200.75.138.131,172.28.156.138,HTTP,899,,,,,,,,,,22,22,External
25817,1.423779,172.28.138.151,137.183.44.30,TCP,74,38276.0,80.0,SYN,0.0,,5840.0,0.0,6561555.0,0.0,9,9,Internal
25818,1.423978,137.183.44.30,172.28.138.151,TCP,74,,,,0.0,1.0,5792.0,0.0,25591873.0,6561555.0,9,9,External
25820,1.424048,172.28.138.151,137.183.44.30,HTTP,94,,,,,,,,,,9,9,Internal
25830,1.429273,172.28.160.80,21.22.178.166,TCP,74,41838.0,80.0,SYN,0.0,,5840.0,0.0,6561555.0,0.0,30,30,Internal
25831,1.429471,21.22.178.166,172.28.160.80,TCP,74,,,,0.0,1.0,5792.0,0.0,25591874.0,6561555.0,33,33,External
25834,1.429539,172.28.160.80,21.22.178.166,HTTP,94,,,,,,,,,,30,30,Internal
25868,1.433893,172.28.7.204,38.54.32.128,HTTP,139,,,,,,,,,,54,54,Internal
25877,1.434359,38.54.32.128,172.28.7.204,TCP,1514,80.0,46742.0,ACK,1.0,74.0,46.0,1448.0,25591874.0,6376681.0,48,48,External
25878,1.434363,38.54.32.128,172.28.7.204,HTTP,473,,,,,,,,,,48,48,External
25889,1.434691,172.28.7.204,38.54.32.128,TCP,66,46742.0,80.0,ACK,74.0,1449.0,272.0,0.0,6376681.0,25591874.0,54,54,Internal
25901,1.43517,137.183.44.30,172.28.138.151,HTTP,1251,,,,,,,,,,9,9,External
25908,1.435403,172.28.13.76,70.98.38.99,TCP,66,,,,1.0,1.0,46.0,0.0,6376681.0,24974044.0,2,2,Internal
25910,1.436684,172.28.224.243,122.255.139.95,TCP,74,37180.0,80.0,SYN,0.0,,5840.0,0.0,6561556.0,0.0,49,49,Internal
25911,1.436882,122.255.139.95,172.28.224.243,TCP,74,,,,0.0,1.0,5792.0,0.0,25591875.0,6561556.0,67,67,External
25913,1.436949,172.28.224.243,122.255.139.95,HTTP,94,,,,,,,,,,49,49,Internal
25915,1.444479,172.28.166.10,128.89.50.107,TCP,74,46250.0,80.0,SYN,0.0,,5840.0,0.0,6561557.0,0.0,106,106,Internal
25916,1.444678,128.89.50.107,172.28.166.10,TCP,74,,,,0.0,1.0,5792.0,0.0,25591875.0,6561557.0,143,143,External
25918,1.444748,172.28.166.10,128.89.50.107,HTTP,95,,,,,,,,,,106,106,Internal
25919,1.444793,172.28.10.6,202.12.27.33,DNS,87,,,,,,,,,,187,187,Internal
25921,1.445111,202.12.27.33,172.28.10.6,DNS,171,,,,,,,,,,187,187,External
25972,1.447775,21.22.178.166,172.28.160.80,HTTP,656,,,,,,,,,,33,33,External
25980,1.450752,172.28.67.253,176.52.166.225,TCP,74,36703.0,80.0,SYN,0.0,,5840.0,0.0,6561558.0,0.0,198,198,Internal
25981,1.450948,176.52.166.225,172.28.67.253,TCP,74,,,,0.0,1.0,5792.0,0.0,25591876.0,6561558.0,389,389,External
25983,1.451013,172.28.67.253,176.52.166.225,HTTP,94,,,,,,,,,,198,198,Internal
26557,1.457459,176.52.166.225,172.28.67.253,HTTP,88,,,,,,,,,,389,389,External
26561,1.457481,172.28.89.55,165.66.93.16,TCP,74,34383.0,80.0,SYN,0.0,,5840.0,0.0,6561558.0,0.0,9,9,Internal
26567,1.457723,165.66.93.16,172.28.89.55,TCP,74,,,,0.0,1.0,5792.0,0.0,25591877.0,6561558.0,9,9,External
26570,1.457791,172.28.89.55,165.66.93.16,HTTP,94,,,,,,,,,,9,9,Internal
26585,1.458842,165.66.93.16,172.28.89.55,HTTP,944,,,,,,,,,,9,9,External
26810,1.464462,122.255.139.95,172.28.224.243,HTTP,103,,,,,,,,,,67,67,External
26822,1.467212,172.28.152.241,28.72.138.190,TCP,74,39992.0,80.0,SYN,0.0,,5840.0,0.0,6561559.0,0.0,27,27,Internal
26823,1.467411,28.72.138.190,172.28.152.241,TCP,74,,,,0.0,1.0,5792.0,0.0,25591878.0,6561559.0,27,27,External
26825,1.467476,172.28.152.241,28.72.138.190,HTTP,95,,,,,,,,,,27,27,Internal
26833,1.468427,28.72.138.190,172.28.152.241,HTTP,1238,,,,,,,,,,27,27,External
26860,1.470681,172.28.160.200,186.155.17.75,TCP,74,60608.0,80.0,SYN,0.0,,5840.0,0.0,6561560.0,0.0,44,44,Internal
26862,1.470878,186.155.17.75,172.28.160.200,TCP,74,,,,0.0,1.0,5792.0,0.0,25591878.0,6561560.0,53,53,External
26864,1.470942,172.28.160.200,186.155.17.75,HTTP,94,,,,,,,,,,44,44,Internal
26926,1.471713,128.89.50.107,172.28.166.10,HTTP,232,,,,,,,,,,143,143,External
26959,1.472231,186.155.17.75,172.28.160.200,HTTP,386,,,,,,,,,,53,53,External
27027,1.474999,70.98.38.99,172.28.13.76,TCP,66,48538.0,80.0,ACK,1.0,2.0,182.0,0.0,24975548.0,6376681.0,2,2,External
27063,1.477936,172.28.226.145,153.239.209.94,TCP,74,45706.0,80.0,SYN,0.0,,5840.0,0.0,6561560.0,0.0,58,58,Internal
27064,1.478135,153.239.209.94,172.28.226.145,TCP,74,,,,0.0,1.0,5792.0,0.0,25591879.0,6561560.0,95,95,External
27066,1.478201,172.28.226.145,153.239.209.94,HTTP,94,,,,,,,,,,58,58,Internal
27096,1.480094,172.28.71.236,151.233.147.219,TCP,74,57803.0,80.0,SYN,0.0,,5840.0,0.0,6561561.0,0.0,53,53,Internal
27125,1.480395,151.233.147.219,172.28.71.236,TCP,74,,,,0.0,1.0,5792.0,0.0,25591879.0,6561561.0,89,89,External
27131,1.480505,172.28.71.236,151.233.147.219,HTTP,94,,,,,,,,,,53,53,Internal
27242,1.481618,153.239.209.94,172.28.226.145,HTTP,587,,,,,,,,,,95,95,External
27251,1.481668,172.28.164.35,214.54.220.10,TCP,74,40391.0,80.0,SYN,0.0,,5840.0,0.0,6561561.0,0.0,25,25,Internal
27263,1.481892,214.54.220.10,172.28.164.35,TCP,74,,,,0.0,1.0,5792.0,0.0,25591879.0,6561561.0,25,25,External
27267,1.481965,172.28.164.35,214.54.220.10,HTTP,95,,,,,,,,,,25,25,Internal
27363,1.483514,214.54.220.10,172.28.164.35,HTTP,564,,,,,,,,,,25,25,External
27404,1.484004,151.233.147.219,172.28.71.236,HTTP,630,,,,,,,,,,89,89,External
27417,1.484772,172.28.61.243,178.62.12.231,TCP,74,58090.0,80.0,SYN,0.0,,5840.0,0.0,6561561.0,0.0,22,22,Internal
27421,1.484974,178.62.12.231,172.28.61.243,TCP,74,,,,0.0,1.0,5792.0,0.0,25591879.0,6561561.0,22,22,External
27426,1.485042,172.28.61.243,178.62.12.231,HTTP,93,,,,,,,,,,22,22,Internal
27451,1.485991,178.62.12.231,172.28.61.243,HTTP,172,,,,,,,,,,22,22,External
27473,1.487641,172.28.126.213,136.102.69.190,TCP,74,33521.0,80.0,SYN,0.0,,5840.0,0.0,6561561.0,0.0,60,60,Internal
27484,1.487853,136.102.69.190,172.28.126.213,TCP,74,,,,0.0,1.0,5792.0,0.0,25591880.0,6561561.0,100,100,External
27486,1.487922,172.28.126.213,136.102.69.190,HTTP,94,,,,,,,,,,60,60,Internal
27507,1.496666,172.28.36.64,122.54.111.187,TCP,74,35769.0,80.0,SYN,0.0,,5840.0,0.0,6561562.0,0.0,22,22,Internal
27512,1.496961,122.54.111.187,172.28.36.64,TCP,74,,,,0.0,1.0,5792.0,0.0,25591881.0,6561562.0,22,22,External
27514,1.497047,172.28.36.64,122.54.111.187,HTTP,95,,,,,,,,,,22,22,Internal
27599,1.498654,122.54.111.187,172.28.36.64,HTTP,510,,,,,,,,,,22,22,External
27680,1.499942,136.102.69.190,172.28.126.213,HTTP,833,,,,,,,,,,100,100,External
27702,1.502138,172.28.85.146,45.76.93.218,TCP,74,55188.0,80.0,SYN,0.0,,5840.0,0.0,6561563.0,0.0,9,9,Internal
27703,1.502338,45.76.93.218,172.28.85.146,TCP,74,,,,0.0,1.0,5792.0,0.0,25591881.0,6561563.0,9,9,External
27705,1.502407,172.28.85.146,45.76.93.218,HTTP,95,,,,,,,,,,9,9,Internal
